Workbook

Sheet BC01 (RAC)
A1: ESTUDOS HIDROLÓGICOS
A2: Método Racional | Q2: UTILIZAR TABELA QUADRO DE CHUVAS ISOZONAS DADOS PLUVIOMÉTRICOS
B3: Estaca: | E3: 33 | F3: + | G3: 0.46 | T3: DECLIVIDADE EFETIVA (%): | U3: ='PERFIL BC01'!C17 -> 1.90558
B4: VIA : | E4: GO-116 | F4: GREIDE | K4: TEMPO DE RECORRÊNCIA : | N4: 15 | O4: anos | T4: DECLIVIDADE MÉDIA (%): | U4: =100*(E8/(E7*1000)) -> 2.2520069
B5: CURSO D'ÁGUA : | E5: Sem talvegue permanente | K5: TEMPO DE RECORRÊNCIA : | N5: 25 | O5: anos
B6: ÁREA DE CONTRIBUIÇÃO (km²) : | E6: =VLOOKUP(F10,'AUX BACIAS'!$A$2:$D$10,3,0) -> 1.0943532 | K6: TEMPO DE RECORRÊNCIA : | N6: 50 | O6: anos
B7: COMP. DO TALVEGUE (km) : | E7: =(VLOOKUP(F10,'AUX BACIAS'!$A$2:$D$10,4,0)/1000) -> 2.3534563 | K7: TEMPO DE RECORRÊNCIA : | N7: 100 | O7: anos
B8: DESNÍVEL (m) : | E8: ='PERFIL BC01'!C3-'PERFIL BC01'!C13 -> 53 | K8: COEFICIENTE C: | O8: =H26 -> 0.24434
B9: DECLIVIDADE EFETIVA (%) : | E9: =IF(U3>U4,U4,U3) -> 1.90558 | K9: TEMPO DE CONCENTRAÇÃO Tc (h) : | O9: =IF(E6<=0.8,0.39*(E7^2/E9)^0.385,0.59*(E7^2/E9)^0.385) -> 0.88972395
E10: Nº Bacia: | F10: {=MID(RIGHT(CELL("nome.arquivo",A1),LEN(CELL("nome.arquivo",A1)) - SEARCH("]",CELL("nome.arquivo",A1))),1,4)} -> BC01
B11: Tipo de Relevo | C11: =IF(E9<=2,"Plano",IF(AND(E9>2,E9<=5),"Levemente ondulado",IF(AND(E9>5,E9<=10),"Ondulado",IF(AND(E9>10,E9<=20),"Muito ondulado",IF(AND(E9>20,E9<=50),"Montanhoso",IF(AND(E9>50,E9<=100),"Muito montanhoso","Escarpado")))))) -> Plano
B12: Orografia | C12: B | J12: CHUVA DE PROJETO | Q12: Auxiliar - Não apagar
B13: * Classificação de orografia segundo a IP 03 – Goinfra – Estudos hidrológicos | J13: TR | K13: D tc (min) | L13: Po (mm) | N13: I (mm/min) | Q13: =IF(M21>MAX(Base_Bueiros!$F$2:$F$10),"Não atende em canal 15 anos. Dimensionar para 25 anos",IF(M21<=MAX(Base_Bueiros!$F$2:$F$4),INDEX(Base_Bueiros!$C$2:$C$4,MATCH(_xlfn.MINIFS(Base_Bueiros!$F$2:$F$4,Base_Bueiros!$F$2:$F$4,">="&M21),Base_Bueiros!$F$2:$F$4,0))&" d="&TEXT(INDEX(Base_Bueiros!$D$2:$D$4,MATCH(_xlfn.MINIFS(Base_Bueiros!$F$2:$F$4,Base_Bueiros!$F$2:$F$4,">="&M21),Base_Bueiros!$F$2:$F$4,0)),"0,00")&"m",IF(M21<=MAX(Base_Bueiros!$F$5:$F$7),INDEX(Base_Bueiros!$C$5:$C$7,MATCH(_xlfn.MINIFS(Base_Bueiros!$F$5:$F$7,Base_Bueiros!$F$5:$F$7,">="&M21),Base_Bueiros!$F$5:$F$7,0))&" d="&TEXT(INDEX(Base_Bueiros!$D$5:$D$7,MATCH(_xlfn.MINIFS(Base_Bueiros!$F$5:$F$7,Base_Bueiros!$F$5:$F$7,">="&M21),Base_Bueiros!$F$5:$F$7,0)),"0,00")&"m",INDEX(Base_Bueiros!$C$8:$C$10,MATCH(_xlfn.MINIFS(Base_Bueiros!$F$8:$F$10,Base_Bueiros!$F$8:$F$10,">="&M21),Base_Bueiros!$F$8:$F$10,0))&" d="&TEXT(INDEX(Base_Bueiros!$D$8:$D$10,MATCH(_xlfn.MINIFS(Base_Bueiros!$F$8:$F$10,Base_Bueiros!$F$8:$F$10,">="&M21),Base_Bueiros!$F$8:$F$10,0)),"0,00")&"m"))) -> BDTC d= d=1,50m | S13: =IF(Q13="Não atende em canal 15 anos. Dimensionar para 25 anos",25,15) -> 15 | X13: =[1]Precip!$AA$5 -> ax | Z13: =[1]Precip!$AC$5 -> b | AB13: =[1]Precip!$AE$5 -> ax (1-24h) | AC13: Método para C
J14: 15 anos | K14: =$O$9*60 -> 53.383437 | L14: =IF($O$9<=1,(X14*LN((K14/60)))+Z14,(AB14*LN((K14/60)))+Z14) -> 80.293326 | N14: =L14/K14 -> 1.5040869 | Q14: =IF(M22>MAX(Base_Bueiros!$F$20:$F$28),"Não atende em orificio 25 anos. Dimensionar para 50 anos",TRIM(IFERROR(LEFT(INDEX(Base_Bueiros!$C$20:$C$28,MATCH(_xlfn.MINIFS(Base_Bueiros!$F$20:$F$28,Base_Bueiros!$F$20:$F$28,">="&M22),Base_Bueiros!$F$20:$F$28,0)),FIND(" OU ",INDEX(Base_Bueiros!$C$20:$C$28,MATCH(_xlfn.MINIFS(Base_Bueiros!$F$20:$F$28,Base_Bueiros!$F$20:$F$28,">="&M22),Base_Bueiros!$F$20:$F$28,0)))-1),INDEX(Base_Bueiros!$C$20:$C$28,MATCH(_xlfn.MINIFS(Base_Bueiros!$F$20:$F$28,Base_Bueiros!$F$20:$F$28,">="&M22),Base_Bueiros!$F$20:$F$28,0))))&" d="&INDEX(Base_Bueiros!$D$20:$D$28,MATCH(_xlfn.MINIFS(Base_Bueiros!$F$20:$F$28,Base_Bueiros!$F$20:$F$28,">="&M22),Base_Bueiros!$F$20:$F$28,0))&"m") -> BDTC d= d=1,20m | S14: =IF(Q14="Não atende em orifício 25 anos. Dimensionar para 50 anos",50,25) -> 25 | W14: 15 | X14: =VLOOKUP(W14,[2]Precip!$Z$12:$AE$18,2) -> 26.41506 | Z14: =VLOOKUP(W14,[2]Precip!$Z$12:$AE$18,4) -> 83.379769 | AB14: =[1]Precip!$AE$14 -> 24.188986 | AC14: =IF(C11="Plano","Tabelado",IF(C11="Ondulado","Tabelado",IF(C11="Montanhoso","Tabelado","Ponderado"))) -> Tabelado
J15: 25 anos | K15: =$O$9*60 -> 53.383437 | L15: =IF($O$9<=1,(X15*LN((K15/60)))+Z15,(AB15*LN((K15/60)))+Z15) -> 88.530892 | N15: =L15/K15 -> 1.6583963 | W15: 25 | X15: =VLOOKUP(W15,[2]Precip!$Z$12:$AE$18,2) -> 29.043207 | Z15: =VLOOKUP(W15,[2]Precip!$Z$12:$AE$18,4) -> 91.924418 | AB15: =[1]Precip!$AE$16 -> 26.572791
J16: 50 anos | K16: =$O$9*60 -> 53.383437 | L16: =IF($O$9<=1,(X16*LN((K16/60)))+Z16,(AB16*LN((K16/60)))+Z16) -> 99.255857 | N16: =L16/K16 -> 1.8593006 | W16: 50 | X16: =VLOOKUP(W16,[2]Precip!$Z$12:$AE$18,2) -> 32.43716 | Z16: =VLOOKUP(W16,[2]Precip!$Z$12:$AE$18,4) -> 103.04595 | AB16: =[1]Precip!$AE$17 -> 29.779923
J17: 100 anos | K17: =$O$9*60 -> 53.383437 | L17: =IF($O$9<=1,(X17*LN((K17/60)))+Z17,(AB17*LN((K17/60)))+Z17) -> 109.5118 | N17: =L17/K17 -> 2.0514191 | W17: 100 | X17: =VLOOKUP(W17,[2]Precip!$Z$12:$AE$18,2) -> 37.177213 | Z17: =VLOOKUP(W17,[2]Precip!$Z$12:$AE$18,4) -> 113.85574 | AB17: =[1]Precip!$AE$18 -> 33.004345
B20: COMPOSIÇÃO DE ÁREA "C" | J20: Resultados | K20: Recorrência | M20: Qmáx
D21: m² | E21: km² | F21: C | G21: % | K21: Q15 = | M21: =0.278*$O$8*(N14*60)*$E$6 -> 6.7084321 | N21: m³/s | Q21: Q(bueiro-canal) | R21: =(1/0.015) -> 66.666667
B22: Área total | D22: =E22*10^6 -> 1094353.2 | E22: =E6 -> 1.0943532 | F22: - | G22: - | H22: - | K22: Q25 = | M22: =0.278*$O$8*(N15*60)*$E$6 -> 7.396673 | N22: m³/s | Q22: Q(bueiro-orifício)
B23: Culturas e pastagens terraceadas | D23: =$D$22*G23 -> 123880.78 | E23: =D23/10^6 -> 0.12388078 | F23: {=_xlfn.LET( _xlpm.superficie,B23, _xlpm.oro,$C$12, _xlpm.terreno,$C$11, _xlpm.metodo,$AC$14, _xlpm.linInicial,MATCH(_xlpm.superficie,C_CN_IP03!$B$4:$B$19,0), _xlpm.lin,_xlpm.linInicial+MATCH(_xlpm.oro,INDEX(C_CN_IP03!$C$4:$C$19,_xlpm.linInicial):INDEX(C_CN_IP03!$C$4:$C$19,_xlpm.linInicial+3),0)-1, IF( _xlpm.metodo="Tabelado", _xlfn.LET( _xlpm.col,MATCH(_xlpm.terreno,C_CN_IP03!$D$2:$I$2,0), INDEX(C_CN_IP03!$D$4:$I$19,_xlpm.lin,_xlpm.col) ), IF( _xlpm.metodo="Ponderado", IF( _xlpm.terreno="Levemente ondulado", AVERAGE( INDEX(C_CN_IP03!$D$4:$I$19,_xlpm.lin,1), INDEX(C_CN_IP03!$D$4:$I$19,_xlpm.lin,3) ), IF( _xlpm.terreno="Muito ondulado", AVERAGE( INDEX(C_CN_IP03!$D$4:$I$19,_xlpm.lin,3), INDEX(C_CN_IP03!$D$4:$I$19,_xlpm.lin,5) ), "Condição de terreno não reconhecida" ) ), "Método não reconhecido" ) ) )} -> 0.2 | G23: 0.1132 | H23: =(G23*(F23)) -> 0.02264 | K23: Q50 = | M23: =0.278*$O$8*(N16*60)*$E$6 -> 8.2927338 | N23: m³/s
B24: Cerrados, pastagens e matas ralas | D24: =$D$22*G24 -> 970472.38 | E24: =D24/10^6 -> 0.97047238 | F24: {=_xlfn.LET( _xlpm.superficie,B24, _xlpm.oro,$C$12, _xlpm.terreno,$C$11, _xlpm.metodo,$AC$14, _xlpm.linInicial,MATCH(_xlpm.superficie,C_CN_IP03!$B$4:$B$19,0), _xlpm.lin,_xlpm.linInicial+MATCH(_xlpm.oro,INDEX(C_CN_IP03!$C$4:$C$19,_xlpm.linInicial):INDEX(C_CN_IP03!$C$4:$C$19,_xlpm.linInicial+3),0)-1, IF( _xlpm.metodo="Tabelado", _xlfn.LET( _xlpm.col,MATCH(_xlpm.terreno,C_CN_IP03!$D$2:$I$2,0), INDEX(C_CN_IP03!$D$4:$I$19,_xlpm.lin,_xlpm.col) ), IF( _xlpm.metodo="Ponderado", IF( _xlpm.terreno="Levemente ondulado", AVERAGE( INDEX(C_CN_IP03!$D$4:$I$19,_xlpm.lin,1), INDEX(C_CN_IP03!$D$4:$I$19,_xlpm.lin,3) ), IF( _xlpm.terreno="Muito ondulado", AVERAGE( INDEX(C_CN_IP03!$D$4:$I$19,_xlpm.lin,3), INDEX(C_CN_IP03!$D$4:$I$19,_xlpm.lin,5) ), "Condição de terreno não reconhecida" ) ), "Método não reconhecido" ) ) )} -> 0.25 | G24: 0.8868 | H24: =(G24*(F24)) -> 0.2217 | K24: Q100 = | M24: =0.278*$O$8*(N17*60)*$E$6 -> 9.1496086 | N24: m³/s
B25: Áreas urbanizadas, Cerrados, pastagens | D25: - | E25: - | F25: - | G25: - | H25: -
B26: C adotado | H26: =SUM(H22:H25) -> 0.24434 | J26: OBRA PROJETADA
B27: * Tabela de coeficientes de C e CN - IP 03 – Goinfra – Estudos hidrológicos | J27: {=IFERROR(_xlfn.LET( _xlpm.Func,"Orif", _xlpm.Funcs,Base_Bueiros!$A$2:$A$37, _xlpm.Tipos,Base_Bueiros!$C$2:$C$37, _xlpm.Dims,Base_Bueiros!$D$2:$D$37, _xlpm.Vazoes,Base_Bueiros!$F$2:$F$37, _xlpm.DimNum,IFERROR(VALUE(TRIM(LEFT(_xlpm.Dims,FIND("x",_xlpm.Dims)-1))),VALUE(_xlpm.Dims)), _xlpm.Linhas,IF(MID(_xlpm.Tipos,2,1)="T",3,IF(MID(_xlpm.Tipos,2,1)="D",2,1)), _xlpm.EhTubular,MID(_xlpm.Tipos,3,1)="T", _xlpm.QNec,IF(ISNUMBER(FIND("Orif",_xlpm.Func)),IF(_xlpm.EhTubular,M22,M23),IF(_xlpm.EhTubular,M21,M22)), _xlpm.FiltroBase,(ISNUMBER(FIND(_xlpm.Func,_xlpm.Funcs)))*(_xlpm.Vazoes>=_xlpm.QNec), _xlpm.TemTubular,SUM(_xlpm.FiltroBase*_xlpm.EhTubular)>0, _xlpm.Filtro,_xlpm.FiltroBase*IF(_xlpm.TemTubular,_xlpm.EhTubular,NOT(_xlpm.EhTubular)), _xlpm.Prior1,IF(_xlpm.EhTubular,_xlpm.DimNum,_xlpm.Linhas), _xlpm.Prior2,IF(_xlpm.EhTubular,_xlpm.Linhas,_xlpm.DimNum), _xlpm.MenorPrior1,_xlfn.AGGREGATE(15,6,_xlpm.Prior1/_xlpm.Filtro,1), _xlpm.MenorPrior2,_xlfn.AGGREGATE(15,6,_xlpm.Prior2/(_xlpm.Filtro*(_xlpm.Prior1=_xlpm.MenorPrior1)),1), _xlpm.MenorVazao,_xlfn.AGGREGATE(15,6,_xlpm.Vazoes/(_xlpm.Filtro*(_xlpm.Prior1=_xlpm.MenorPrior1)*(_xlpm.Prior2=_xlpm.MenorPrior2)),1), _xlpm.Linha,MATCH(1,(_xlpm.Vazoes=_xlpm.MenorVazao)*(_xlpm.Filtro>0),0), _xlpm.Tipo,INDEX(_xlpm.Tipos,_xlpm.Linha), _xlpm.Dim,INDEX(_xlpm.Dims,_xlpm.Linha), _xlpm.EhTubularEscolhido,MID(_xlpm.Tipo,3,1)="T", _xlpm.Tipo&" "&IF(_xlpm.EhTubularEscolhido,_xlpm.Dim&"m",SUBSTITUTE(_xlpm.Dim,"0,00","")&"m") ),"Ponte")} -> BDTC d= 1,20m
J28: *Condição de funcionamento: orifício
J29: *Carga hidráulica: h=1,2*H
J31: OBRA PROJETADA
J32: {=IFERROR(_xlfn.LET( _xlpm.Func,"Canal", _xlpm.Funcs,Base_Bueiros!$A$2:$A$37, _xlpm.Tipos,Base_Bueiros!$C$2:$C$37, _xlpm.Dims,Base_Bueiros!$D$2:$D$37, _xlpm.Vazoes,Base_Bueiros!$F$2:$F$37, _xlpm.DimNum,IFERROR(VALUE(TRIM(LEFT(_xlpm.Dims,FIND("x",_xlpm.Dims)-1))),VALUE(_xlpm.Dims)), _xlpm.Linhas,IF(MID(_xlpm.Tipos,2,1)="T",3,IF(MID(_xlpm.Tipos,2,1)="D",2,1)), _xlpm.EhTubular,MID(_xlpm.Tipos,3,1)="T", _xlpm.QNec,IF(ISNUMBER(FIND("Orif",_xlpm.Func)),IF(_xlpm.EhTubular,M22,M23),IF(_xlpm.EhTubular,M21,M22)), _xlpm.FiltroBase,(ISNUMBER(FIND(_xlpm.Func,_xlpm.Funcs)))*(_xlpm.Vazoes>=_xlpm.QNec), _xlpm.TemTubular,SUM(_xlpm.FiltroBase*_xlpm.EhTubular)>0, _xlpm.Filtro,_xlpm.FiltroBase*IF(_xlpm.TemTubular,_xlpm.EhTubular,NOT(_xlpm.EhTubular)), _xlpm.Prior1,IF(_xlpm.EhTubular,_xlpm.DimNum,_xlpm.Linhas), _xlpm.Prior2,IF(_xlpm.EhTubular,_xlpm.Linhas,_xlpm.DimNum), _xlpm.MenorPrior1,_xlfn.AGGREGATE(15,6,_xlpm.Prior1/_xlpm.Filtro,1), _xlpm.MenorPrior2,_xlfn.AGGREGATE(15,6,_xlpm.Prior2/(_xlpm.Filtro*(_xlpm.Prior1=_xlpm.MenorPrior1)),1), _xlpm.MenorVazao,_xlfn.AGGREGATE(15,6,_xlpm.Vazoes/(_xlpm.Filtro*(_xlpm.Prior1=_xlpm.MenorPrior1)*(_xlpm.Prior2=_xlpm.MenorPrior2)),1), _xlpm.Linha,MATCH(1,(_xlpm.Vazoes=_xlpm.MenorVazao)*(_xlpm.Filtro>0),0), _xlpm.Tipo,INDEX(_xlpm.Tipos,_xlpm.Linha), _xlpm.Dim,INDEX(_xlpm.Dims,_xlpm.Linha), _xlpm.EhTubularEscolhido,MID(_xlpm.Tipo,3,1)="T", _xlpm.Tipo&" "&IF(_xlpm.EhTubularEscolhido,_xlpm.Dim&"m",SUBSTITUTE(_xlpm.Dim,"0,00","")&"m") ),"Ponte")} -> BTTC d= 1,20m
J33: *Condição de funcionamento: canal
J35: OBRA EXISTENTE
J36: ='Apresentação - Est. Hid.'!AK19 -> -

Sheet PERFIL BC01
B2: Ponto | C2: Cota (m) | D2: Distância (m) | E2: Distância Acumulada (Km) | F2: DHn (m) | G2: DLn (km) | H2: Sn (m/km)
B3: C | C3: 681 | D3: 0 | E3: =D3/1000 -> 0 | F3: 0 | G3: 0 | H3: 0 | J3: Validação por macro
B4: 1 | C4: 678 | D4: 250 | E4: =D4/1000 -> 0.25 | F4: =C3-C4 -> 3 | G4: =E4-E3 -> 0.25 | H4: =F4/G4 -> 12 | J4: Sef (m/km) | K4: =(((E13/((G4/SQRT(H4))+(G5/SQRT(H5))+(G6/SQRT(H6))+(G7/SQRT(H7))+(G8/SQRT(H8))+(G9/SQRT(H9))+(G10/SQRT(H10))+(G11/SQRT(H11))+(G12/SQRT(H12))+(G13/SQRT(H13))))^2)/1000)*1000 -> 19.0558
B5: 2 | C5: 673 | D5: =D4+250 -> 500 | E5: =D5/1000 -> 0.5 | F5: =C4-C5 -> 5 | G5: =E5-E4 -> 0.25 | H5: =F5/G5 -> 20 | J5: Sef (m/m) | K5: =((E13/((G4/SQRT(H4))+(G5/SQRT(H5))+(G6/SQRT(H6))+(G7/SQRT(H7))+(G8/SQRT(H8))+(G9/SQRT(H9))+(G10/SQRT(H10))+(G11/SQRT(H11))+(G12/SQRT(H12))+(G13/SQRT(H13))))^2)/1000 -> 0.0190558
B6: 3 | C6: 665 | D6: =D5+250 -> 750 | E6: =D6/1000 -> 0.75 | F6: =C5-C6 -> 8 | G6: =E6-E5 -> 0.25 | H6: =F6/G6 -> 32 | J6: Sef (%) | K6: =(((E13/((G4/SQRT(H4))+(G5/SQRT(H5))+(G6/SQRT(H6))+(G7/SQRT(H7))+(G8/SQRT(H8))+(G9/SQRT(H9))+(G10/SQRT(H10))+(G11/SQRT(H11))+(G12/SQRT(H12))+(G13/SQRT(H13))))^2)/1000)*100 -> 1.90558
B7: 4 | C7: 657 | D7: =D6+250 -> 1000 | E7: =D7/1000 -> 1 | F7: =C6-C7 -> 8 | G7: =E7-E6 -> 0.25 | H7: =F7/G7 -> 32
B8: 5 | C8: 650 | D8: =D7+250 -> 1250 | E8: =D8/1000 -> 1.25 | F8: =C7-C8 -> 7 | G8: =E8-E7 -> 0.25 | H8: =F8/G8 -> 28
B9: 6 | C9: 644 | D9: =D8+250 -> 1500 | E9: =D9/1000 -> 1.5 | F9: =C8-C9 -> 6 | G9: =E9-E8 -> 0.25 | H9: =F9/G9 -> 24
B10: 7 | C10: 638 | D10: =D9+250 -> 1750 | E10: =D10/1000 -> 1.75 | F10: =C9-C10 -> 6 | G10: =E10-E9 -> 0.25 | H10: =F10/G10 -> 24
B11: 8 | C11: 631 | D11: =D10+250 -> 2000 | E11: =D11/1000 -> 2 | F11: =C10-C11 -> 7 | G11: =E11-E10 -> 0.25 | H11: =F11/G11 -> 28
B12: 9 | C12: 628.5 | D12: =D11+250 -> 2250 | E12: =D12/1000 -> 2.25 | F12: =C11-C12 -> 2.5 | G12: =E12-E11 -> 0.25 | H12: =F12/G12 -> 10
B13: E | C13: 628 | D13: ='BC01 (RAC)'!E7*1000 -> 2353.4563 | E13: =D13/1000 -> 2.3534563 | F13: =C12-C13 -> 0.5 | G13: =E13-E12 -> 0.10345635 | H13: =F13/G13 -> 4.8329561
B15: Sef = | C15: =(((E13/((G4/SQRT(H4))+(G5/SQRT(H5))+(G6/SQRT(H6))+(G7/SQRT(H7))+(G8/SQRT(H8))+(G9/SQRT(H9))+(G10/SQRT(H10))+(G11/SQRT(H11))+(G12/SQRT(H12))+(G13/SQRT(H13))))^2)/1000)*1000 -> 19.0558 | D15: (m/km) | E15: m/km
B16: Sef = | C16: =C15/1000 -> 0.0190558 | D16: (m/m) | E16: m/m
B17: Sef = | C17: =C16*100 -> 1.90558 | D17: (%) | E17: %
A34: ="Perfil Longitudinal - "&'BC01 (RAC)'!E5 -> Perfil Longitudinal - Sem talvegue permanente

Sheet BC02 (RAC)
A1: ESTUDOS HIDROLÓGICOS
A2: Método Racional | Q2: UTILIZAR TABELA QUADRO DE CHUVAS ISOZONAS DADOS PLUVIOMÉTRICOS
B3: Estaca: | E3: 49 | F3: + | G3: 18.59 | T3: DECLIVIDADE EFETIVA (%): | U3: ='PERFIL BC02'!C14 -> 2.0261343
B4: VIA : | E4: GO-116 | F4: GREIDE | K4: TEMPO DE RECORRÊNCIA : | N4: 15 | O4: anos | T4: DECLIVIDADE MÉDIA (%): | U4: =100*(E8/(E7*1000)) -> 2.2267027
B5: CURSO D'ÁGUA : | E5: Sem talvegue permanente | K5: TEMPO DE RECORRÊNCIA : | N5: 25 | O5: anos
B6: ÁREA DE CONTRIBUIÇÃO (km²) : | E6: =VLOOKUP(F10,'AUX BACIAS'!$A$2:$D$10,3,0) -> 0.50750119 | K6: TEMPO DE RECORRÊNCIA : | N6: 50 | O6: anos
B7: COMP. DO TALVEGUE (km) : | E7: =(VLOOKUP(F10,'AUX BACIAS'!$A$2:$D$10,4,0)/1000) -> 1.5718309 | K7: TEMPO DE RECORRÊNCIA : | N7: 100 | O7: anos
B8: DESNÍVEL (m) : | E8: =(INDEX('PERFIL BC02'!$C:$C,MATCH("C",'PERFIL BC02'!$B:$B,0))-INDEX('PERFIL BC02'!$C:$C,MATCH("E",'PERFIL BC02'!$B:$B,0))) -> 35 | K8: COEFICIENTE C: | O8: =H26 -> 0.248605
B9: DECLIVIDADE EFETIVA (%) : | E9: =IF(U3>U4,U4,U3) -> 2.0261343 | K9: TEMPO DE CONCENTRAÇÃO Tc (h) : | O9: =IF(E6<=0.8,0.39*(E7^2/E9)^0.385,0.59*(E7^2/E9)^0.385) -> 0.42094932
E10: Nº Bacia: | F10: {=MID(RIGHT(CELL("nome.arquivo",A1),LEN(CELL("nome.arquivo",A1)) - SEARCH("]",CELL("nome.arquivo",A1))),1,4)} -> BC02
B11: Tipo de Relevo | C11: Plano
B12: Orografia | C12: B | J12: CHUVA DE PROJETO | Q12: Auxiliar - Não apagar
B13: * Classificação de orografia segundo a IP 03 – Goinfra – Estudos hidrológicos | J13: TR | K13: D tc (min) | L13: Po (mm) | N13: I (mm/min) | Q13: =IF(M21>MAX(Base_Bueiros!$F$2:$F$10),"Não atende em canal 15 anos. Dimensionar para 25 anos",IF(M21<=MAX(Base_Bueiros!$F$2:$F$4),INDEX(Base_Bueiros!$C$2:$C$4,MATCH(_xlfn.MINIFS(Base_Bueiros!$F$2:$F$4,Base_Bueiros!$F$2:$F$4,">="&M21),Base_Bueiros!$F$2:$F$4,0))&" d="&TEXT(INDEX(Base_Bueiros!$D$2:$D$4,MATCH(_xlfn.MINIFS(Base_Bueiros!$F$2:$F$4,Base_Bueiros!$F$2:$F$4,">="&M21),Base_Bueiros!$F$2:$F$4,0)),"0,00")&"m",IF(M21<=MAX(Base_Bueiros!$F$5:$F$7),INDEX(Base_Bueiros!$C$5:$C$7,MATCH(_xlfn.MINIFS(Base_Bueiros!$F$5:$F$7,Base_Bueiros!$F$5:$F$7,">="&M21),Base_Bueiros!$F$5:$F$7,0))&" d="&TEXT(INDEX(Base_Bueiros!$D$5:$D$7,MATCH(_xlfn.MINIFS(Base_Bueiros!$F$5:$F$7,Base_Bueiros!$F$5:$F$7,">="&M21),Base_Bueiros!$F$5:$F$7,0)),"0,00")&"m",INDEX(Base_Bueiros!$C$8:$C$10,MATCH(_xlfn.MINIFS(Base_Bueiros!$F$8:$F$10,Base_Bueiros!$F$8:$F$10,">="&M21),Base_Bueiros!$F$8:$F$10,0))&" d="&TEXT(INDEX(Base_Bueiros!$D$8:$D$10,MATCH(_xlfn.MINIFS(Base_Bueiros!$F$8:$F$10,Base_Bueiros!$F$8:$F$10,">="&M21),Base_Bueiros!$F$8:$F$10,0)),"0,00")&"m"))) -> BDTC d= d=1,50m | S13: =IF(Q13="Não atende em canal 15 anos. Dimensionar para 25 anos",25,15) -> 15 | X13: ='BC01 (RAC)'!X13 -> ax | Z13: ='BC01 (RAC)'!Z13 -> b | AB13: ='BC01 (RAC)'!AB13 -> ax (1-24h) | AC13: Método para C
J14: 15 anos | K14: =$O$9*60 -> 25.256959 | L14: =IF($O$9<=1,(X14*LN((K14/60)))+Z14,(AB14*LN((K14/60)))+Z14) -> 60.524327 | N14: =L14/K14 -> 2.3963426 | Q14: =IF(M22>MAX(Base_Bueiros!$F$20:$F$28),"Não atende em orificio 25 anos. Dimensionar para 50 anos",TRIM(IFERROR(LEFT(INDEX(Base_Bueiros!$C$20:$C$28,MATCH(_xlfn.MINIFS(Base_Bueiros!$F$20:$F$28,Base_Bueiros!$F$20:$F$28,">="&M22),Base_Bueiros!$F$20:$F$28,0)),FIND(" OU ",INDEX(Base_Bueiros!$C$20:$C$28,MATCH(_xlfn.MINIFS(Base_Bueiros!$F$20:$F$28,Base_Bueiros!$F$20:$F$28,">="&M22),Base_Bueiros!$F$20:$F$28,0)))-1),INDEX(Base_Bueiros!$C$20:$C$28,MATCH(_xlfn.MINIFS(Base_Bueiros!$F$20:$F$28,Base_Bueiros!$F$20:$F$28,">="&M22),Base_Bueiros!$F$20:$F$28,0))))&" d="&INDEX(Base_Bueiros!$D$20:$D$28,MATCH(_xlfn.MINIFS(Base_Bueiros!$F$20:$F$28,Base_Bueiros!$F$20:$F$28,">="&M22),Base_Bueiros!$F$20:$F$28,0))&"m") -> BSTC d= d=1,50m | S14: =IF(Q14="Não atende em orifício 25 anos. Dimensionar para 50 anos",50,25) -> 25 | W14: 15 | X14: ='BC01 (RAC)'!X14 -> 26.41506 | Z14: ='BC01 (RAC)'!Z14 -> 83.379769 | AB14: ='BC01 (RAC)'!AB14 -> 24.188986 | AC14: =IF(C11="Plano","Tabelado",IF(C11="Ondulado","Tabelado",IF(C11="Montanhoso","Tabelado","Ponderado"))) -> Tabelado
J15: 25 anos | K15: =$O$9*60 -> 25.256959 | L15: =IF($O$9<=1,(X15*LN((K15/60)))+Z15,(AB15*LN((K15/60)))+Z15) -> 66.794991 | N15: =L15/K15 -> 2.6446173 | W15: 25 | X15: ='BC01 (RAC)'!X15 -> 29.043207 | Z15: ='BC01 (RAC)'!Z15 -> 91.924418 | AB15: ='BC01 (RAC)'!AB15 -> 26.572791
J16: 50 anos | K16: =$O$9*60 -> 25.256959 | L16: =IF($O$9<=1,(X16*LN((K16/60)))+Z16,(AB16*LN((K16/60)))+Z16) -> 74.979925 | N16: =L16/K16 -> 2.9686838 | W16: 50 | X16: ='BC01 (RAC)'!X16 -> 32.43716 | Z16: ='BC01 (RAC)'!Z16 -> 103.04595 | AB16: ='BC01 (RAC)'!AB16 -> 29.779923
J17: 100 anos | K17: =$O$9*60 -> 25.256959 | L17: =IF($O$9<=1,(X17*LN((K17/60)))+Z17,(AB17*LN((K17/60)))+Z17) -> 81.688423 | N17: =L17/K17 -> 3.2342937 | W17: 100 | X17: ='BC01 (RAC)'!X17 -> 37.177213 | Z17: ='BC01 (RAC)'!Z17 -> 113.85574 | AB17: ='BC01 (RAC)'!AB17 -> 33.004345
B20: COMPOSIÇÃO DE ÁREA "C" | J20: Resultados | K20: Recorrência | M20: Qmáx
D21: m² | E21: km² | F21: C | G21: % | K21: Q15 = | M21: =0.278*$O$8*(N14*60)*$E$6 -> 5.0430338 | N21: m³/s
B22: Área total | D22: =E22*10^6 -> 507501.19 | E22: =E6 -> 0.50750119 | F22: - | G22: - | H22: - | K22: Q25 = | M22: =0.278*$O$8*(N15*60)*$E$6 -> 5.5655207 | N22: m³/s
B23: Culturas e pastagens terraceadas | D23: =$D$22*G23 -> 14159.283 | E23: =D23/10^6 -> 0.014159283 | F23: {=_xlfn.LET( _xlpm.superficie,B23, _xlpm.oro,$C$12, _xlpm.terreno,$C$11, _xlpm.metodo,$AC$14, _xlpm.linInicial,MATCH(_xlpm.superficie,C_CN_IP03!$B$4:$B$19,0), _xlpm.lin,_xlpm.linInicial+MATCH(_xlpm.oro,INDEX(C_CN_IP03!$C$4:$C$19,_xlpm.linInicial):INDEX(C_CN_IP03!$C$4:$C$19,_xlpm.linInicial+3),0)-1, IF( _xlpm.metodo="Tabelado", _xlfn.LET( _xlpm.col,MATCH(_xlpm.terreno,C_CN_IP03!$D$2:$I$2,0), INDEX(C_CN_IP03!$D$4:$I$19,_xlpm.lin,_xlpm.col) ), IF( _xlpm.metodo="Ponderado", IF( _xlpm.terreno="Levemente ondulado", AVERAGE( INDEX(C_CN_IP03!$D$4:$I$19,_xlpm.lin,1), INDEX(C_CN_IP03!$D$4:$I$19,_xlpm.lin,3) ), IF( _xlpm.terreno="Muito ondulado", AVERAGE( INDEX(C_CN_IP03!$D$4:$I$19,_xlpm.lin,3), INDEX(C_CN_IP03!$D$4:$I$19,_xlpm.lin,5) ), "Condição de terreno não reconhecida" ) ), "Método não reconhecido" ) ) )} -> 0.2 | G23: 0.0279 | H23: =(G23*(F23)) -> 0.00558 | K23: Q50 = | M23: =0.278*$O$8*(N16*60)*$E$6 -> 6.2475092 | N23: m³/s
B24: Cerrados, pastagens e matas ralas | D24: =$D$22*G24 -> 493341.9 | E24: =D24/10^6 -> 0.4933419 | F24: {=_xlfn.LET( _xlpm.superficie,B24, _xlpm.oro,$C$12, _xlpm.terreno,$C$11, _xlpm.metodo,$AC$14, _xlpm.linInicial,MATCH(_xlpm.superficie,C_CN_IP03!$B$4:$B$19,0), _xlpm.lin,_xlpm.linInicial+MATCH(_xlpm.oro,INDEX(C_CN_IP03!$C$4:$C$19,_xlpm.linInicial):INDEX(C_CN_IP03!$C$4:$C$19,_xlpm.linInicial+3),0)-1, IF( _xlpm.metodo="Tabelado", _xlfn.LET( _xlpm.col,MATCH(_xlpm.terreno,C_CN_IP03!$D$2:$I$2,0), INDEX(C_CN_IP03!$D$4:$I$19,_xlpm.lin,_xlpm.col) ), IF( _xlpm.metodo="Ponderado", IF( _xlpm.terreno="Levemente ondulado", AVERAGE( INDEX(C_CN_IP03!$D$4:$I$19,_xlpm.lin,1), INDEX(C_CN_IP03!$D$4:$I$19,_xlpm.lin,3) ), IF( _xlpm.terreno="Muito ondulado", AVERAGE( INDEX(C_CN_IP03!$D$4:$I$19,_xlpm.lin,3), INDEX(C_CN_IP03!$D$4:$I$19,_xlpm.lin,5) ), "Condição de terreno não reconhecida" ) ), "Método não reconhecido" ) ) )} -> 0.25 | G24: 0.9721 | H24: =(G24*(F24)) -> 0.243025 | K24: Q100 = | M24: =0.278*$O$8*(N17*60)*$E$6 -> 6.8064776 | N24: m³/s
B25: Áreas urbanizadas, Cerrados, pastagens | D25: - | E25: - | F25: - | G25: - | H25: -
B26: C adotado | H26: =(SUM(H23:H25)) -> 0.248605 | J26: OBRA PROJETADA
B27: * Tabela de coeficientes de C e CN - IP 03 – Goinfra – Estudos hidrológicos | J27: {=IFERROR(_xlfn.LET( _xlpm.Func,"Orif", _xlpm.Funcs,Base_Bueiros!$A$2:$A$37, _xlpm.Tipos,Base_Bueiros!$C$2:$C$37, _xlpm.Dims,Base_Bueiros!$D$2:$D$37, _xlpm.Vazoes,Base_Bueiros!$F$2:$F$37, _xlpm.DimNum,IFERROR(VALUE(TRIM(LEFT(_xlpm.Dims,FIND("x",_xlpm.Dims)-1))),VALUE(_xlpm.Dims)), _xlpm.Linhas,IF(MID(_xlpm.Tipos,2,1)="T",3,IF(MID(_xlpm.Tipos,2,1)="D",2,1)), _xlpm.EhTubular,MID(_xlpm.Tipos,3,1)="T", _xlpm.QNec,IF(ISNUMBER(FIND("Orif",_xlpm.Func)),IF(_xlpm.EhTubular,M22,M23),IF(_xlpm.EhTubular,M21,M22)), _xlpm.FiltroBase,(ISNUMBER(FIND(_xlpm.Func,_xlpm.Funcs)))*(_xlpm.Vazoes>=_xlpm.QNec), _xlpm.TemTubular,SUM(_xlpm.FiltroBase*_xlpm.EhTubular)>0, _xlpm.Filtro,_xlpm.FiltroBase*IF(_xlpm.TemTubular,_xlpm.EhTubular,NOT(_xlpm.EhTubular)), _xlpm.Prior1,IF(_xlpm.EhTubular,_xlpm.DimNum,_xlpm.Linhas), _xlpm.Prior2,IF(_xlpm.EhTubular,_xlpm.Linhas,_xlpm.DimNum), _xlpm.MenorPrior1,_xlfn.AGGREGATE(15,6,_xlpm.Prior1/_xlpm.Filtro,1), _xlpm.MenorPrior2,_xlfn.AGGREGATE(15,6,_xlpm.Prior2/(_xlpm.Filtro*(_xlpm.Prior1=_xlpm.MenorPrior1)),1), _xlpm.MenorVazao,_xlfn.AGGREGATE(15,6,_xlpm.Vazoes/(_xlpm.Filtro*(_xlpm.Prior1=_xlpm.MenorPrior1)*(_xlpm.Prior2=_xlpm.MenorPrior2)),1), _xlpm.Linha,MATCH(1,(_xlpm.Vazoes=_xlpm.MenorVazao)*(_xlpm.Filtro>0),0), _xlpm.Tipo,INDEX(_xlpm.Tipos,_xlpm.Linha), _xlpm.Dim,INDEX(_xlpm.Dims,_xlpm.Linha), _xlpm.EhTubularEscolhido,MID(_xlpm.Tipo,3,1)="T", _xlpm.Tipo&" "&IF(_xlpm.EhTubularEscolhido,_xlpm.Dim&"m",SUBSTITUTE(_xlpm.Dim,"0,00","")&"m") ),"Ponte")} -> BTTC d= 1,00m
J28: *Condição de funcionamento: orifício
J29: *Carga hidráulica: h=1,2*H
J31: OBRA PROJETADA
J32: {=IFERROR(_xlfn.LET( _xlpm.Func,"Canal", _xlpm.Funcs,Base_Bueiros!$A$2:$A$37, _xlpm.Tipos,Base_Bueiros!$C$2:$C$37, _xlpm.Dims,Base_Bueiros!$D$2:$D$37, _xlpm.Vazoes,Base_Bueiros!$F$2:$F$37, _xlpm.DimNum,IFERROR(VALUE(TRIM(LEFT(_xlpm.Dims,FIND("x",_xlpm.Dims)-1))),VALUE(_xlpm.Dims)), _xlpm.Linhas,IF(MID(_xlpm.Tipos,2,1)="T",3,IF(MID(_xlpm.Tipos,2,1)="D",2,1)), _xlpm.EhTubular,MID(_xlpm.Tipos,3,1)="T", _xlpm.QNec,IF(ISNUMBER(FIND("Orif",_xlpm.Func)),IF(_xlpm.EhTubular,M22,M23),IF(_xlpm.EhTubular,M21,M22)), _xlpm.FiltroBase,(ISNUMBER(FIND(_xlpm.Func,_xlpm.Funcs)))*(_xlpm.Vazoes>=_xlpm.QNec), _xlpm.TemTubular,SUM(_xlpm.FiltroBase*_xlpm.EhTubular)>0, _xlpm.Filtro,_xlpm.FiltroBase*IF(_xlpm.TemTubular,_xlpm.EhTubular,NOT(_xlpm.EhTubular)), _xlpm.Prior1,IF(_xlpm.EhTubular,_xlpm.DimNum,_xlpm.Linhas), _xlpm.Prior2,IF(_xlpm.EhTubular,_xlpm.Linhas,_xlpm.DimNum), _xlpm.MenorPrior1,_xlfn.AGGREGATE(15,6,_xlpm.Prior1/_xlpm.Filtro,1), _xlpm.MenorPrior2,_xlfn.AGGREGATE(15,6,_xlpm.Prior2/(_xlpm.Filtro*(_xlpm.Prior1=_xlpm.MenorPrior1)),1), _xlpm.MenorVazao,_xlfn.AGGREGATE(15,6,_xlpm.Vazoes/(_xlpm.Filtro*(_xlpm.Prior1=_xlpm.MenorPrior1)*(_xlpm.Prior2=_xlpm.MenorPrior2)),1), _xlpm.Linha,MATCH(1,(_xlpm.Vazoes=_xlpm.MenorVazao)*(_xlpm.Filtro>0),0), _xlpm.Tipo,INDEX(_xlpm.Tipos,_xlpm.Linha), _xlpm.Dim,INDEX(_xlpm.Dims,_xlpm.Linha), _xlpm.EhTubularEscolhido,MID(_xlpm.Tipo,3,1)="T", _xlpm.Tipo&" "&IF(_xlpm.EhTubularEscolhido,_xlpm.Dim&"m",SUBSTITUTE(_xlpm.Dim,"0,00","")&"m") ),"Ponte")} -> BTTC d= 1,20m
J33: *Condição de funcionamento: canal
J35: OBRA EXISTENTE
J36: ='Apresentação - Est. Hid.'!AK20 -> -

Sheet PERFIL BC02
B2: Ponto | C2: Cota (m) | D2: Distância (m) | E2: Distância Acumulada (Km) | F2: DHn (m) | G2: DLn (km) | H2: Sn (m/km)
B3: C | C3: 668 | D3: 0 | E3: =D3/1000 -> 0 | F3: 0 | G3: 0 | H3: 0 | J3: Validação por macro
B4: 1 | C4: 667 | D4: 70 | E4: =D4/1000 -> 0.07 | F4: =C3-C4 -> 1 | G4: =E4-E3 -> 0.07 | H4: =F4/G4 -> 14.285714 | J4: Sef (m/km) | K4: =(((E10/((G4/SQRT(H4))+(G5/SQRT(H5))+(G6/SQRT(H6))+(G7/SQRT(H7))+(G8/SQRT(H8))+(G9/SQRT(H9))+(G10/SQRT(H10))))^2)/1000)*1000 -> 20.261343
B5: 2 | C5: 659 | D5: =D4+250 -> 320 | E5: =D5/1000 -> 0.32 | F5: =C4-C5 -> 8 | G5: =E5-E4 -> 0.25 | H5: =F5/G5 -> 32 | J5: Sef (m/m) | K5: =((E10/((G4/SQRT(H4))+(G5/SQRT(H5))+(G6/SQRT(H6))+(G7/SQRT(H7))+(G8/SQRT(H8))+(G9/SQRT(H9))+(G10/SQRT(H10))))^2)/1000 -> 0.020261343
B6: 3 | C6: 651 | D6: =D5+250 -> 570 | E6: =D6/1000 -> 0.57 | F6: =C5-C6 -> 8 | G6: =E6-E5 -> 0.25 | H6: =F6/G6 -> 32 | J6: Sef (%) | K6: =(((E10/((G4/SQRT(H4))+(G5/SQRT(H5))+(G6/SQRT(H6))+(G7/SQRT(H7))+(G8/SQRT(H8))+(G9/SQRT(H9))+(G10/SQRT(H10))))^2)/1000)*100 -> 2.0261343
B7: 4 | C7: 645 | D7: =D6+250 -> 820 | E7: =D7/1000 -> 0.82 | F7: =C6-C7 -> 6 | G7: =E7-E6 -> 0.25 | H7: =F7/G7 -> 24
B8: 5 | C8: 640 | D8: =D7+250 -> 1070 | E8: =D8/1000 -> 1.07 | F8: =C7-C8 -> 5 | G8: =E8-E7 -> 0.25 | H8: =F8/G8 -> 20
B9: 6 | C9: 637 | D9: =D8+250 -> 1320 | E9: =D9/1000 -> 1.32 | F9: =C8-C9 -> 3 | G9: =E9-E8 -> 0.25 | H9: =F9/G9 -> 12
B10: E | C10: 633 | D10: ='BC02 (RAC)'!E7*1000 -> 1571.8309 | E10: =D10/1000 -> 1.5718309 | F10: =C9-C10 -> 4 | G10: =E10-E9 -> 0.25183087 | H10: =F10/G10 -> 15.883677
B12: Sef = | C12: =(((E10/((G4/SQRT(H4))+(G5/SQRT(H5))+(G6/SQRT(H6))+(G7/SQRT(H7))+(G8/SQRT(H8))+(G9/SQRT(H9))+(G10/SQRT(H10))))^2)/1000)*1000 -> 20.261343 | D12: (m/km) | E12: m/km
B13: Sef = | C13: =C12/1000 -> 0.020261343 | D13: (m/m) | E13: m/m
B14: Sef = | C14: =C13*100 -> 2.0261343 | D14: (%) | E14: %
A34: ="Perfil Longitudinal - "&'BC02 (RAC)'!E5 -> Perfil Longitudinal - Sem talvegue permanente

Sheet BC03 (RAC-MOD)
A1: ESTUDOS HIDROLÓGICOS
A2: Método Racional Modificado
B3: Estaca: | E3: 148 | F3: + | G3: 7.27 | Q3: UTILIZAR TABELA QUADRO DE CHUVAS ISOZONAS DADOS PLUVIOMÉTRICOS
B4: VIA : | E4: GO-116 | F4: GROTA | K4: TEMPO DE RECORRÊNCIA : | N4: 15 | O4: anos
B5: CURSO D'ÁGUA : | E5: Córrego Taboca | K5: TEMPO DE RECORRÊNCIA : | N5: 25 | O5: anos | Q5: DECLIVIDADE EFETIVA (%): | R5: ='PERFIL BC03'!C16 -> 5.1960506
B6: ÁREA DE CONTRIBUIÇÃO (km²) : | E6: =VLOOKUP(F10,'AUX BACIAS'!$A$2:$D$10,3,0) -> 5.5221224 | K6: TEMPO DE RECORRÊNCIA : | N6: 50 | O6: anos | Q6: DECLIVIDADE MÉDIA (%): | R6: =100*(E8/(E7*1000)) -> 11.606984
B7: COMP. DO TALVEGUE (km) : | E7: =(VLOOKUP(F10,'AUX BACIAS'!$A$2:$D$10,4,0)/1000) -> 4.4800612 | K7: TEMPO DE RECORRÊNCIA : | N7: 100 | O7: anos
B8: DESNÍVEL (m) : | E8: =(INDEX('PERFIL BC03'!$C:$C,MATCH("C",'PERFIL BC03'!$B:$B,0))-INDEX('PERFIL BC03'!$C:$C,MATCH("E",'PERFIL BC03'!$B:$B,0))) -> 520 | K8: COEFICIENTE C: | O8: =H23 -> 0.35
B9: DECLIVIDADE DA BACIA (%) : | E9: =IF(R5>R6,R6,R5) -> 5.1960506 | K9: TEMPO DE CONCENTRAÇÃO Tc (h) : | O9: =IF(E6<=0.8,0.39*(E7^2/E9)^0.385,0.59*(E7^2/E9)^0.385) -> 0.99267345
E10: Nº Bacia: | F10: {=MID(RIGHT(CELL("nome.arquivo",A1),LEN(CELL("nome.arquivo",A1)) - SEARCH("]",CELL("nome.arquivo",A1))),1,4)} -> BC03 | K10: COEFICIENTE DE RETARDO (φ): | O10: =MAX(0.5,MIN(1,4.38/(E6^0.2*E7))) -> 0.69465467
B11: Tipo de Relevo | C11: =IF(E9<=2,"Plano",IF(AND(E9>2,E9<=5),"Levemente ondulado",IF(AND(E9>5,E9<=10),"Ondulado",IF(AND(E9>10,E9<=20),"Muito ondulado",IF(AND(E9>20,E9<=50),"Montanhoso",IF(AND(E9>50,E9<=100),"Muito montanhoso","Escarpado")))))) -> Ondulado
B12: Orografia | C12: B | J12: CHUVA DE PROJETO | Q12: Auxiliar - Não apagar
B13: * Classificação de orografia segundo a IP 03 – Goinfra – Estudos hidrológicos | J13: TR | K13: D tc (min) | L13: Po (mm) | N13: I (mm/min) | Q13: {=IFERROR(_xlfn.LET( _xlpm.Q,M20, _xlpm.Tipos,[3]Base_Bueiros!$C$2:$C$10, _xlpm.Dims,[3]Base_Bueiros!$D$2:$D$10, _xlpm.Vazoes,[3]Base_Bueiros!$F$2:$F$10, _xlpm.Diam,VALUE(_xlpm.Dims), _xlpm.MenorDiam,_xlfn.AGGREGATE(15,6,_xlpm.Diam/(_xlpm.Vazoes>=_xlpm.Q),1), _xlpm.MenorVazao,_xlfn.AGGREGATE(15,6,_xlpm.Vazoes/((_xlpm.Vazoes>=_xlpm.Q)*(_xlpm.Diam=_xlpm.MenorDiam)),1), _xlpm.Linha,MATCH(_xlpm.MenorVazao,_xlpm.Vazoes,0), INDEX(_xlpm.Tipos,_xlpm.Linha)&" d="&INDEX(_xlpm.Dims,_xlpm.Linha)&"m" ),"Não atende em canal 15 anos. Dimensionar para 25 anos")} -> Não atende em canal 15 anos. Dimensionar para 25 anos | S13: =IF(Q13="Não atende em canal 15 anos. Dimensionar para 25 anos",25,15) -> 25 | X13: ax | Y13: + | Z13: b | AB13: ='BC01 (RAC)'!AB13 -> ax (1-24h) | AC13: Método para C
J14: 15 anos | K14: =$O$9*60 -> 59.560407 | L14: =IF($O$9<=1,(X14*LN((K14/60)))+Z14,(AB14*LN((K14/60)))+Z14) -> 83.185525 | N14: =L14/K14 -> 1.3966581 | Q14: {=IFERROR(_xlfn.LET( _xlpm.Q,M21, _xlpm.Tipos,[3]Base_Bueiros!$C$20:$C$28, _xlpm.Dims,[3]Base_Bueiros!$D$20:$D$28, _xlpm.Vazoes,[3]Base_Bueiros!$F$20:$F$28, _xlpm.Diam,VALUE(_xlpm.Dims), _xlpm.MenorDiam,_xlfn.AGGREGATE(15,6,_xlpm.Diam/(_xlpm.Vazoes>=_xlpm.Q),1), _xlpm.MenorVazao,_xlfn.AGGREGATE(15,6,_xlpm.Vazoes/((_xlpm.Vazoes>=_xlpm.Q)*(_xlpm.Diam=_xlpm.MenorDiam)),1), _xlpm.Linha,MATCH(_xlpm.MenorVazao,_xlpm.Vazoes,0), _xlpm.Tipo,TRIM(IFERROR(LEFT(INDEX(_xlpm.Tipos,_xlpm.Linha),FIND(" OU ",INDEX(_xlpm.Tipos,_xlpm.Linha))-1),INDEX(_xlpm.Tipos,_xlpm.Linha))), _xlpm.Tipo&" d="&INDEX(_xlpm.Dims,_xlpm.Linha)&"m" ),"Não atende em orifício 25 anos. Dimensionar para 50 anos")} -> Não atende em orifício 25 anos. Dimensionar para 50 anos | S14: =IF(Q14="Não atende em orifício 25 anos. Dimensionar para 50 anos",50,25) -> 50 | X14: ='BC01 (RAC)'!X14 -> 26.41506 | Z14: ='BC01 (RAC)'!Z14 -> 83.379769 | AB14: ='BC01 (RAC)'!AB14 -> 24.188986 | AC14: =IF(C11="Plano","Tabelado",IF(C11="Ondulado","Tabelado",IF(C11="Montanhoso","Tabelado","Ponderado"))) -> Tabelado
J15: 25 anos | K15: =$O$9*60 -> 59.560407 | L15: =IF($O$9<=1,(X15*LN((K15/60)))+Z15,(AB15*LN((K15/60)))+Z15) -> 91.710848 | N15: =L15/K15 -> 1.5397955 | X15: ='BC01 (RAC)'!X15 -> 29.043207 | Z15: ='BC01 (RAC)'!Z15 -> 91.924418 | AB15: ='BC01 (RAC)'!AB15 -> 26.572791
J16: 50 anos | K16: =$O$9*60 -> 59.560407 | L16: =IF($O$9<=1,(X16*LN((K16/60)))+Z16,(AB16*LN((K16/60)))+Z16) -> 102.80742 | N16: =L16/K16 -> 1.7261034 | X16: ='BC01 (RAC)'!X16 -> 32.43716 | Z16: ='BC01 (RAC)'!Z16 -> 103.04595 | AB16: ='BC01 (RAC)'!AB16 -> 29.779923
J17: 100 anos | K17: =$O$9*60 -> 59.560407 | L17: =IF($O$9<=1,(X17*LN((K17/60)))+Z17,(AB17*LN((K17/60)))+Z17) -> 113.58236 | N17: =L17/K17 -> 1.9070111 | X17: ='BC01 (RAC)'!X17 -> 37.177213 | Z17: ='BC01 (RAC)'!Z17 -> 113.85574 | AB17: ='BC01 (RAC)'!AB17 -> 33.004345
B18: COMPOSIÇÃO DE ÁREA "C"
D19: m² | E19: km² | F19: C | G19: % | J19: Resultados | K19: Recorrência | M19: Qmáx
B20: Área total | D20: =E20*10^6 -> 5522122.4 | E20: =E6 -> 5.5221224 | F20: - | G20: - | H20: - | K20: Q15 = | M20: =0.278*$O$8*(N14*60)*$E$6*$O$10 -> 31.277295 | N20: m³/s
B21: Culturas e pastagens terraceadas | D21: =$D$20*G21 -> 3458505.3 | E21: =D21/10^6 -> 3.4585053 | F21: {=_xlfn.LET( _xlpm.superficie,B21, _xlpm.oro,$C$12, _xlpm.terreno,$C$11, _xlpm.metodo,$AC$14, _xlpm.linInicial,MATCH(_xlpm.superficie,C_CN_IP03!$B$4:$B$19,0), _xlpm.lin,_xlpm.linInicial+MATCH(_xlpm.oro,INDEX(C_CN_IP03!$C$4:$C$19,_xlpm.linInicial):INDEX(C_CN_IP03!$C$4:$C$19,_xlpm.linInicial+3),0)-1, IF( _xlpm.metodo="Tabelado", _xlfn.LET( _xlpm.col,MATCH(_xlpm.terreno,C_CN_IP03!$D$2:$I$2,0), INDEX(C_CN_IP03!$D$4:$I$19,_xlpm.lin,_xlpm.col) ), IF( _xlpm.metodo="Ponderado", IF( _xlpm.terreno="Levemente ondulado", AVERAGE( INDEX(C_CN_IP03!$D$4:$I$19,_xlpm.lin,1), INDEX(C_CN_IP03!$D$4:$I$19,_xlpm.lin,3) ), IF( _xlpm.terreno="Muito ondulado", AVERAGE( INDEX(C_CN_IP03!$D$4:$I$19,_xlpm.lin,3), INDEX(C_CN_IP03!$D$4:$I$19,_xlpm.lin,5) ), "Condição de terreno não reconhecida" ) ), "Método não reconhecido" ) ) )} -> 0.35 | G21: 0.6263 | H21: =(G21*(F21)) -> 0.219205 | K21: Q25 = | M21: =0.278*$O$8*(N15*60)*$E$6*$O$10 -> 34.482769 | N21: m³/s
B22: Cerrados, pastagens e matas ralas | D22: =$D$20*G22 -> 2063617.1 | E22: =D22*(10^-6) -> 2.0636171 | F22: {=_xlfn.LET( _xlpm.superficie,B22, _xlpm.oro,$C$12, _xlpm.terreno,$C$11, _xlpm.metodo,$AC$14, _xlpm.linInicial,MATCH(_xlpm.superficie,C_CN_IP03!$B$4:$B$19,0), _xlpm.lin,_xlpm.linInicial+MATCH(_xlpm.oro,INDEX(C_CN_IP03!$C$4:$C$19,_xlpm.linInicial):INDEX(C_CN_IP03!$C$4:$C$19,_xlpm.linInicial+3),0)-1, IF( _xlpm.metodo="Tabelado", _xlfn.LET( _xlpm.col,MATCH(_xlpm.terreno,C_CN_IP03!$D$2:$I$2,0), INDEX(C_CN_IP03!$D$4:$I$19,_xlpm.lin,_xlpm.col) ), IF( _xlpm.metodo="Ponderado", IF( _xlpm.terreno="Levemente ondulado", AVERAGE( INDEX(C_CN_IP03!$D$4:$I$19,_xlpm.lin,1), INDEX(C_CN_IP03!$D$4:$I$19,_xlpm.lin,3) ), IF( _xlpm.terreno="Muito ondulado", AVERAGE( INDEX(C_CN_IP03!$D$4:$I$19,_xlpm.lin,3), INDEX(C_CN_IP03!$D$4:$I$19,_xlpm.lin,5) ), "Condição de terreno não reconhecida" ) ), "Método não reconhecido" ) ) )} -> 0.35 | G22: 0.3737 | H22: =(G22*(F22)) -> 0.130795 | K22: Q50 = | M22: =0.278*$O$8*(N16*60)*$E$6*$O$10 -> 38.655017 | N22: m³/s
B23: C adotado | H23: =_xlfn.CEILING.MATH(SUM(H21:H22),0.05) -> 0.35 | K23: Q100 = | M23: =0.278*$O$8*(N17*60)*$E$6*$O$10 -> 42.706334 | N23: m³/s
B24: * Tabela de coeficientes de C e CN - IP 03 – Goinfra – Estudos hidrológicos
J25: OBRA PROJETADA
J26: {=IFERROR(_xlfn.LET( _xlpm.Func,"Orif", _xlpm.Funcs,Base_Bueiros!$A$2:$A$37, _xlpm.Tipos,Base_Bueiros!$C$2:$C$37, _xlpm.Dims,Base_Bueiros!$D$2:$D$37, _xlpm.Vazoes,Base_Bueiros!$F$2:$F$37, _xlpm.DimNum,IFERROR(VALUE(TRIM(LEFT(_xlpm.Dims,FIND("x",_xlpm.Dims)-1))),VALUE(_xlpm.Dims)), _xlpm.Linhas,IF(MID(_xlpm.Tipos,2,1)="T",3,IF(MID(_xlpm.Tipos,2,1)="D",2,1)), _xlpm.EhTubular,MID(_xlpm.Tipos,3,1)="T", _xlpm.QNec,IF(ISNUMBER(FIND("Orif",_xlpm.Func)),IF(_xlpm.EhTubular,M21,M22),IF(_xlpm.EhTubular,M20,M21)), _xlpm.FiltroBase,(ISNUMBER(FIND(_xlpm.Func,_xlpm.Funcs)))*(_xlpm.Vazoes>=_xlpm.QNec), _xlpm.TemTubular,SUM(_xlpm.FiltroBase*_xlpm.EhTubular)>0, _xlpm.Filtro,_xlpm.FiltroBase*IF(_xlpm.TemTubular,_xlpm.EhTubular,NOT(_xlpm.EhTubular)), _xlpm.Prior1,IF(_xlpm.EhTubular,_xlpm.DimNum,_xlpm.Linhas), _xlpm.Prior2,IF(_xlpm.EhTubular,_xlpm.Linhas,_xlpm.DimNum), _xlpm.MenorPrior1,_xlfn.AGGREGATE(15,6,_xlpm.Prior1/_xlpm.Filtro,1), _xlpm.MenorPrior2,_xlfn.AGGREGATE(15,6,_xlpm.Prior2/(_xlpm.Filtro*(_xlpm.Prior1=_xlpm.MenorPrior1)),1), _xlpm.MenorVazao,_xlfn.AGGREGATE(15,6,_xlpm.Vazoes/(_xlpm.Filtro*(_xlpm.Prior1=_xlpm.MenorPrior1)*(_xlpm.Prior2=_xlpm.MenorPrior2)),1), _xlpm.Linha,MATCH(1,(_xlpm.Vazoes=_xlpm.MenorVazao)*(_xlpm.Filtro>0),0), _xlpm.Tipo,INDEX(_xlpm.Tipos,_xlpm.Linha), _xlpm.Dim,INDEX(_xlpm.Dims,_xlpm.Linha), _xlpm.EhTubularEscolhido,MID(_xlpm.Tipo,3,1)="T", _xlpm.Tipo&" "&IF(_xlpm.EhTubularEscolhido,_xlpm.Dim&"m",SUBSTITUTE(_xlpm.Dim,"0,00","")&"m") ),"Ponte")} -> BSCC 3,00 x 3,00m
J27: *Condição de funcionamento: orifício
J28: *Carga hidráulica: h=1,2*H
J30: OBRA PROJETADA
J31: {=IFERROR(_xlfn.LET( _xlpm.Func,"Canal", _xlpm.Funcs,Base_Bueiros!$A$2:$A$37, _xlpm.Tipos,Base_Bueiros!$C$2:$C$37, _xlpm.Dims,Base_Bueiros!$D$2:$D$37, _xlpm.Vazoes,Base_Bueiros!$F$2:$F$37, _xlpm.DimNum,IFERROR(VALUE(TRIM(LEFT(_xlpm.Dims,FIND("x",_xlpm.Dims)-1))),VALUE(_xlpm.Dims)), _xlpm.Linhas,IF(MID(_xlpm.Tipos,2,1)="T",3,IF(MID(_xlpm.Tipos,2,1)="D",2,1)), _xlpm.EhTubular,MID(_xlpm.Tipos,3,1)="T", _xlpm.QNec,IF(ISNUMBER(FIND("Orif",_xlpm.Func)),IF(_xlpm.EhTubular,M21,M22),IF(_xlpm.EhTubular,M20,M21)), _xlpm.FiltroBase,(ISNUMBER(FIND(_xlpm.Func,_xlpm.Funcs)))*(_xlpm.Vazoes>=_xlpm.QNec), _xlpm.TemTubular,SUM(_xlpm.FiltroBase*_xlpm.EhTubular)>0, _xlpm.Filtro,_xlpm.FiltroBase*IF(_xlpm.TemTubular,_xlpm.EhTubular,NOT(_xlpm.EhTubular)), _xlpm.Prior1,IF(_xlpm.EhTubular,_xlpm.DimNum,_xlpm.Linhas), _xlpm.Prior2,IF(_xlpm.EhTubular,_xlpm.Linhas,_xlpm.DimNum), _xlpm.MenorPrior1,_xlfn.AGGREGATE(15,6,_xlpm.Prior1/_xlpm.Filtro,1), _xlpm.MenorPrior2,_xlfn.AGGREGATE(15,6,_xlpm.Prior2/(_xlpm.Filtro*(_xlpm.Prior1=_xlpm.MenorPrior1)),1), _xlpm.MenorVazao,_xlfn.AGGREGATE(15,6,_xlpm.Vazoes/(_xlpm.Filtro*(_xlpm.Prior1=_xlpm.MenorPrior1)*(_xlpm.Prior2=_xlpm.MenorPrior2)),1), _xlpm.Linha,MATCH(1,(_xlpm.Vazoes=_xlpm.MenorVazao)*(_xlpm.Filtro>0),0), _xlpm.Tipo,INDEX(_xlpm.Tipos,_xlpm.Linha), _xlpm.Dim,INDEX(_xlpm.Dims,_xlpm.Linha), _xlpm.EhTubularEscolhido,MID(_xlpm.Tipo,3,1)="T", _xlpm.Tipo&" "&IF(_xlpm.EhTubularEscolhido,_xlpm.Dim&"m",SUBSTITUTE(_xlpm.Dim,"0,00","")&"m") ),"Ponte")} -> BDCC 3,00 x 3,00m
J32: *Condição de funcionamento: canal
J34: OBRA EXISTENTE
J35: ='Apresentação - Est. Hid.'!AK21 -> Ponte existente 9,50x4,00m

Sheet PERFIL BC03
B2: Ponto | C2: Cota (m) | D2: Distância (m) | E2: Distância Acumulada (Km) | F2: DHn (m) | G2: DLn (km) | H2: Sn (m/km)
B3: C | C3: 1164 | D3: 0 | E3: =D3/1000 -> 0 | F3: 0 | G3: 0 | H3: 0 | J3: Validação por macro
B4: 2 | C4: 944 | D4: 500 | E4: =D4/1000 -> 0.5 | F4: =C3-C4 -> 220 | G4: =E4-E3 -> 0.5 | H4: =F4/G4 -> 440 | J4: Sef (m/km) | K4: =(((E12/((G4/SQRT(H4))+(G5/SQRT(H5))+(G6/SQRT(H6))+(G7/SQRT(H7))+(G8/SQRT(H8))+(G9/SQRT(H9))+(G10/SQRT(H10))+(G11/SQRT(H11))+(G12/SQRT(H12))))^2)/1000)*1000 -> 51.960506
B5: 3 | C5: 843 | D5: =D4+500 -> 1000 | E5: =D5/1000 -> 1 | F5: =C4-C5 -> 101 | G5: =E5-E4 -> 0.5 | H5: =F5/G5 -> 202 | J5: Sef (m/m) | K5: =((E12/((G4/SQRT(H4))+(G5/SQRT(H5))+(G6/SQRT(H6))+(G7/SQRT(H7))+(G8/SQRT(H8))+(G9/SQRT(H9))+(G10/SQRT(H10))+(G11/SQRT(H11))+(G12/SQRT(H12))))^2)/1000 -> 0.051960506
B6: 4 | C6: 766 | D6: =D5+500 -> 1500 | E6: =D6/1000 -> 1.5 | F6: =C5-C6 -> 77 | G6: =E6-E5 -> 0.5 | H6: =F6/G6 -> 154 | J6: Sef (%) | K6: =(((E12/((G4/SQRT(H4))+(G5/SQRT(H5))+(G6/SQRT(H6))+(G7/SQRT(H7))+(G8/SQRT(H8))+(G9/SQRT(H9))+(G10/SQRT(H10))+(G11/SQRT(H11))+(G12/SQRT(H12))))^2)/1000)*100 -> 5.1960506
B7: 5 | C7: 721 | D7: =D6+500 -> 2000 | E7: =D7/1000 -> 2 | F7: =C6-C7 -> 45 | G7: =E7-E6 -> 0.5 | H7: =F7/G7 -> 90
B8: 6 | C8: 695 | D8: =D7+500 -> 2500 | E8: =D8/1000 -> 2.5 | F8: =C7-C8 -> 26 | G8: =E8-E7 -> 0.5 | H8: =F8/G8 -> 52
B9: 7 | C9: 676 | D9: =D8+500 -> 3000 | E9: =D9/1000 -> 3 | F9: =C8-C9 -> 19 | G9: =E9-E8 -> 0.5 | H9: =F9/G9 -> 38
B10: 8 | C10: 664 | D10: =D9+500 -> 3500 | E10: =D10/1000 -> 3.5 | F10: =C9-C10 -> 12 | G10: =E10-E9 -> 0.5 | H10: =F10/G10 -> 24
B11: 9 | C11: 654 | D11: =D10+500 -> 4000 | E11: =D11/1000 -> 4 | F11: =C10-C11 -> 10 | G11: =E11-E10 -> 0.5 | H11: =F11/G11 -> 20
B12: E | C12: 644 | D12: ='BC03 (RAC-MOD)'!E7*1000 -> 4480.0612 | E12: =D12/1000 -> 4.4800612 | F12: =C11-C12 -> 10 | G12: =E12-E11 -> 0.48006121 | H12: =F12/G12 -> 20.830677
B14: Sef = | C14: =(((E12/((G4/SQRT(H4))+(G5/SQRT(H5))+(G6/SQRT(H6))+(G7/SQRT(H7))+(G8/SQRT(H8))+(G9/SQRT(H9))+(G10/SQRT(H10))+(G11/SQRT(H11))+(G12/SQRT(H12))))^2)/1000)*1000 -> 51.960506 | D14: (m/km) | E14: m/km
B15: Sef = | C15: =C14/1000 -> 0.051960506 | D15: (m/m) | E15: m/m
B16: Sef = | C16: =C15*100 -> 5.1960506 | D16: (%) | E16: %

Sheet BC04 (RAC-MOD)
A1: ESTUDOS HIDROLÓGICOS
A2: Método Racional Modificado
B3: Estaca: | E3: 214 | F3: + | G3: 13.34 | Q3: UTILIZAR TABELA QUADRO DE CHUVAS ISOZONAS DADOS PLUVIOMÉTRICOS
B4: VIA : | E4: GO-116 | F4: GROTA | K4: TEMPO DE RECORRÊNCIA : | N4: 15 | O4: anos
B5: CURSO D'ÁGUA : | E5: Córrego Jacu | K5: TEMPO DE RECORRÊNCIA : | N5: 25 | O5: anos | Q5: DECLIVIDADE EFETIVA (%): | R5: ='PERFIL BC04'!C16 -> 3.1404046
B6: ÁREA DE CONTRIBUIÇÃO (km²) : | E6: =VLOOKUP(F10,'AUX BACIAS'!$A$2:$D$10,3,0) -> 5.0371131 | K6: TEMPO DE RECORRÊNCIA : | N6: 50 | O6: anos | Q6: DECLIVIDADE MÉDIA (%): | R6: =100*(E8/(E7*1000)) -> 11.19832
B7: COMP. DO TALVEGUE (km) : | E7: =(VLOOKUP(F10,'AUX BACIAS'!$A$2:$D$10,4,0)/1000) -> 4.4738852 | K7: TEMPO DE RECORRÊNCIA : | N7: 100 | O7: anos
B8: DESNÍVEL (m) : | E8: =(INDEX('PERFIL BC04'!$C:$C,MATCH("C",'PERFIL BC04'!$B:$B,0))-INDEX('PERFIL BC04'!$C:$C,MATCH("E",'PERFIL BC04'!$B:$B,0))) -> 501 | K8: COEFICIENTE C: | O8: =H23 -> 0.35
B9: DECLIVIDADE DA BACIA (%) : | E9: =IF(R5>R6,R6,R5) -> 3.1404046 | K9: TEMPO DE CONCENTRAÇÃO Tc (h) : | O9: =IF(E6<=0.8,0.39*(E7^2/E9)^0.385,0.59*(E7^2/E9)^0.385) -> 1.2037599
E10: Nº Bacia: | F10: {=MID(RIGHT(CELL("nome.arquivo",A1),LEN(CELL("nome.arquivo",A1)) - SEARCH("]",CELL("nome.arquivo",A1))),1,4)} -> BC04 | K10: COEFICIENTE DE RETARDO (φ): | O10: =MAX(0.5,MIN(1,4.38/(E6^0.2*E7))) -> 0.70852134
B11: Tipo de Relevo | C11: Ondulado
B12: Orografia | C12: B | J12: CHUVA DE PROJETO | Q12: Auxiliar - Não apagar
B13: * Classificação de orografia segundo a IP 03 – Goinfra – Estudos hidrológicos | J13: TR | K13: D tc (min) | L13: Po (mm) | N13: I (mm/min) | Q13: {=IFERROR(_xlfn.LET( _xlpm.Q,M20, _xlpm.Tipos,[3]Base_Bueiros!$C$2:$C$10, _xlpm.Dims,[3]Base_Bueiros!$D$2:$D$10, _xlpm.Vazoes,[3]Base_Bueiros!$F$2:$F$10, _xlpm.Diam,VALUE(_xlpm.Dims), _xlpm.MenorDiam,_xlfn.AGGREGATE(15,6,_xlpm.Diam/(_xlpm.Vazoes>=_xlpm.Q),1), _xlpm.MenorVazao,_xlfn.AGGREGATE(15,6,_xlpm.Vazoes/((_xlpm.Vazoes>=_xlpm.Q)*(_xlpm.Diam=_xlpm.MenorDiam)),1), _xlpm.Linha,MATCH(_xlpm.MenorVazao,_xlpm.Vazoes,0), INDEX(_xlpm.Tipos,_xlpm.Linha)&" d="&INDEX(_xlpm.Dims,_xlpm.Linha)&"m" ),"Não atende em canal 15 anos. Dimensionar para 25 anos")} -> Não atende em canal 15 anos. Dimensionar para 25 anos | S13: =IF(Q13="Não atende em canal 15 anos. Dimensionar para 25 anos",25,15) -> 25 | X13: ax | Y13: + | Z13: b | AB13: ='BC01 (RAC)'!AB13 -> ax (1-24h) | AC13: Método para C
J14: 15 anos | K14: =$O$9*60 -> 72.225595 | L14: =IF($O$9<=1,(X14*LN((K14/60)))+Z14,(AB14*LN((K14/60)))+Z14) -> 87.865614 | N14: =L14/K14 -> 1.216544 | Q14: {=IFERROR(_xlfn.LET( _xlpm.Q,M21, _xlpm.Tipos,[3]Base_Bueiros!$C$20:$C$28, _xlpm.Dims,[3]Base_Bueiros!$D$20:$D$28, _xlpm.Vazoes,[3]Base_Bueiros!$F$20:$F$28, _xlpm.Diam,VALUE(_xlpm.Dims), _xlpm.MenorDiam,_xlfn.AGGREGATE(15,6,_xlpm.Diam/(_xlpm.Vazoes>=_xlpm.Q),1), _xlpm.MenorVazao,_xlfn.AGGREGATE(15,6,_xlpm.Vazoes/((_xlpm.Vazoes>=_xlpm.Q)*(_xlpm.Diam=_xlpm.MenorDiam)),1), _xlpm.Linha,MATCH(_xlpm.MenorVazao,_xlpm.Vazoes,0), _xlpm.Tipo,TRIM(IFERROR(LEFT(INDEX(_xlpm.Tipos,_xlpm.Linha),FIND(" OU ",INDEX(_xlpm.Tipos,_xlpm.Linha))-1),INDEX(_xlpm.Tipos,_xlpm.Linha))), _xlpm.Tipo&" d="&INDEX(_xlpm.Dims,_xlpm.Linha)&"m" ),"Não atende em orifício 25 anos. Dimensionar para 50 anos")} -> Não atende em orifício 25 anos. Dimensionar para 50 anos | S14: =IF(Q14="Não atende em orifício 25 anos. Dimensionar para 50 anos",50,25) -> 50 | X14: ='BC01 (RAC)'!X14 -> 26.41506 | Z14: ='BC01 (RAC)'!Z14 -> 83.379769 | AB14: ='BC01 (RAC)'!AB14 -> 24.188986 | AC14: =IF(C11="Plano","Tabelado",IF(C11="Ondulado","Tabelado",IF(C11="Montanhoso","Tabelado","Ponderado"))) -> Tabelado
J15: 25 anos | K15: =$O$9*60 -> 72.225595 | L15: =IF($O$9<=1,(X15*LN((K15/60)))+Z15,(AB15*LN((K15/60)))+Z15) -> 96.85234 | N15: =L15/K15 -> 1.3409698 | X15: ='BC01 (RAC)'!X15 -> 29.043207 | Z15: ='BC01 (RAC)'!Z15 -> 91.924418 | AB15: ='BC01 (RAC)'!AB15 -> 26.572791
J16: 50 anos | K16: =$O$9*60 -> 72.225595 | L16: =IF($O$9<=1,(X16*LN((K16/60)))+Z16,(AB16*LN((K16/60)))+Z16) -> 108.56863 | N16: =L16/K16 -> 1.5031878 | X16: ='BC01 (RAC)'!X16 -> 32.43716 | Z16: ='BC01 (RAC)'!Z16 -> 103.04595 | AB16: ='BC01 (RAC)'!AB16 -> 29.779923
J17: 100 anos | K17: =$O$9*60 -> 72.225595 | L17: =IF($O$9<=1,(X17*LN((K17/60)))+Z17,(AB17*LN((K17/60)))+Z17) -> 119.97639 | N17: =L17/K17 -> 1.661134 | X17: ='BC01 (RAC)'!X17 -> 37.177213 | Z17: ='BC01 (RAC)'!Z17 -> 113.85574 | AB17: ='BC01 (RAC)'!AB17 -> 33.004345
B18: COMPOSIÇÃO DE ÁREA "C"
D19: m² | E19: km² | F19: C | G19: % | J19: Resultados | K19: Recorrência | M19: Qmáx
B20: Área total | D20: =E20*10^6 -> 5037113.1 | E20: =E6 -> 5.0371131 | F20: - | G20: - | H20: - | K20: Q15 = | M20: =0.278*$O$8*(N14*60)*$E$6*$O$10 -> 25.346999 | N20: m³/s
B21: Culturas e pastagens terraceadas | D21: =$D$20*G21 -> 2318079.5 | E21: =D21/10^6 -> 2.3180795 | F21: {=_xlfn.LET( _xlpm.superficie,B21, _xlpm.oro,$C$12, _xlpm.terreno,$C$11, _xlpm.metodo,$AC$14, _xlpm.linInicial,MATCH(_xlpm.superficie,C_CN_IP03!$B$4:$B$19,0), _xlpm.lin,_xlpm.linInicial+MATCH(_xlpm.oro,INDEX(C_CN_IP03!$C$4:$C$19,_xlpm.linInicial):INDEX(C_CN_IP03!$C$4:$C$19,_xlpm.linInicial+3),0)-1, IF( _xlpm.metodo="Tabelado", _xlfn.LET( _xlpm.col,MATCH(_xlpm.terreno,C_CN_IP03!$D$2:$I$2,0), INDEX(C_CN_IP03!$D$4:$I$19,_xlpm.lin,_xlpm.col) ), IF( _xlpm.metodo="Ponderado", IF( _xlpm.terreno="Levemente ondulado", AVERAGE( INDEX(C_CN_IP03!$D$4:$I$19,_xlpm.lin,1), INDEX(C_CN_IP03!$D$4:$I$19,_xlpm.lin,3) ), IF( _xlpm.terreno="Muito ondulado", AVERAGE( INDEX(C_CN_IP03!$D$4:$I$19,_xlpm.lin,3), INDEX(C_CN_IP03!$D$4:$I$19,_xlpm.lin,5) ), "Condição de terreno não reconhecida" ) ), "Método não reconhecido" ) ) )} -> 0.35 | G21: 0.4602 | H21: =(G21*(F21)) -> 0.16107 | K21: Q25 = | M21: =0.278*$O$8*(N15*60)*$E$6*$O$10 -> 27.939441 | N21: m³/s
B22: Cerrados, pastagens e matas ralas | D22: =$D$20*G22 -> 2719033.7 | E22: =D22*(10^-6) -> 2.7190337 | F22: {=_xlfn.LET( _xlpm.superficie,B22, _xlpm.oro,$C$12, _xlpm.terreno,$C$11, _xlpm.metodo,$AC$14, _xlpm.linInicial,MATCH(_xlpm.superficie,C_CN_IP03!$B$4:$B$19,0), _xlpm.lin,_xlpm.linInicial+MATCH(_xlpm.oro,INDEX(C_CN_IP03!$C$4:$C$19,_xlpm.linInicial):INDEX(C_CN_IP03!$C$4:$C$19,_xlpm.linInicial+3),0)-1, IF( _xlpm.metodo="Tabelado", _xlfn.LET( _xlpm.col,MATCH(_xlpm.terreno,C_CN_IP03!$D$2:$I$2,0), INDEX(C_CN_IP03!$D$4:$I$19,_xlpm.lin,_xlpm.col) ), IF( _xlpm.metodo="Ponderado", IF( _xlpm.terreno="Levemente ondulado", AVERAGE( INDEX(C_CN_IP03!$D$4:$I$19,_xlpm.lin,1), INDEX(C_CN_IP03!$D$4:$I$19,_xlpm.lin,3) ), IF( _xlpm.terreno="Muito ondulado", AVERAGE( INDEX(C_CN_IP03!$D$4:$I$19,_xlpm.lin,3), INDEX(C_CN_IP03!$D$4:$I$19,_xlpm.lin,5) ), "Condição de terreno não reconhecida" ) ), "Método não reconhecido" ) ) )} -> 0.35 | G22: 0.5398 | H22: =(G22*(F22)) -> 0.18893 | K22: Q50 = | M22: =0.278*$O$8*(N16*60)*$E$6*$O$10 -> 31.319294 | N22: m³/s
B23: C adotado | H23: =_xlfn.CEILING.MATH(SUM(H21:H22),0.05) -> 0.35 | K23: Q100 = | M23: =0.278*$O$8*(N17*60)*$E$6*$O$10 -> 34.610144 | N23: m³/s
B24: * Tabela de coeficientes de C e CN - IP 03 – Goinfra – Estudos hidrológicos
J25: OBRA PROJETADA
J26: {=IFERROR(_xlfn.LET( _xlpm.Func,"Orif", _xlpm.Funcs,Base_Bueiros!$A$2:$A$37, _xlpm.Tipos,Base_Bueiros!$C$2:$C$37, _xlpm.Dims,Base_Bueiros!$D$2:$D$37, _xlpm.Vazoes,Base_Bueiros!$F$2:$F$37, _xlpm.DimNum,IFERROR(VALUE(TRIM(LEFT(_xlpm.Dims,FIND("x",_xlpm.Dims)-1))),VALUE(_xlpm.Dims)), _xlpm.Linhas,IF(MID(_xlpm.Tipos,2,1)="T",3,IF(MID(_xlpm.Tipos,2,1)="D",2,1)), _xlpm.EhTubular,MID(_xlpm.Tipos,3,1)="T", _xlpm.QNec,IF(ISNUMBER(FIND("Orif",_xlpm.Func)),IF(_xlpm.EhTubular,M21,M22),IF(_xlpm.EhTubular,M20,M21)), _xlpm.FiltroBase,(ISNUMBER(FIND(_xlpm.Func,_xlpm.Funcs)))*(_xlpm.Vazoes>=_xlpm.QNec), _xlpm.TemTubular,SUM(_xlpm.FiltroBase*_xlpm.EhTubular)>0, _xlpm.Filtro,_xlpm.FiltroBase*IF(_xlpm.TemTubular,_xlpm.EhTubular,NOT(_xlpm.EhTubular)), _xlpm.Prior1,IF(_xlpm.EhTubular,_xlpm.DimNum,_xlpm.Linhas), _xlpm.Prior2,IF(_xlpm.EhTubular,_xlpm.Linhas,_xlpm.DimNum), _xlpm.MenorPrior1,_xlfn.AGGREGATE(15,6,_xlpm.Prior1/_xlpm.Filtro,1), _xlpm.MenorPrior2,_xlfn.AGGREGATE(15,6,_xlpm.Prior2/(_xlpm.Filtro*(_xlpm.Prior1=_xlpm.MenorPrior1)),1), _xlpm.MenorVazao,_xlfn.AGGREGATE(15,6,_xlpm.Vazoes/(_xlpm.Filtro*(_xlpm.Prior1=_xlpm.MenorPrior1)*(_xlpm.Prior2=_xlpm.MenorPrior2)),1), _xlpm.Linha,MATCH(1,(_xlpm.Vazoes=_xlpm.MenorVazao)*(_xlpm.Filtro>0),0), _xlpm.Tipo,INDEX(_xlpm.Tipos,_xlpm.Linha), _xlpm.Dim,INDEX(_xlpm.Dims,_xlpm.Linha), _xlpm.EhTubularEscolhido,MID(_xlpm.Tipo,3,1)="T", _xlpm.Tipo&" "&IF(_xlpm.EhTubularEscolhido,_xlpm.Dim&"m",SUBSTITUTE(_xlpm.Dim,"0,00","")&"m") ),"Ponte")} -> BSCC 3,00 x 3,00m
J27: *Condição de funcionamento: orifício
J28: *Carga hidráulica: h=1,2*H
J30: OBRA PROJETADA
J31: {=IFERROR(_xlfn.LET( _xlpm.Func,"Canal", _xlpm.Funcs,Base_Bueiros!$A$2:$A$37, _xlpm.Tipos,Base_Bueiros!$C$2:$C$37, _xlpm.Dims,Base_Bueiros!$D$2:$D$37, _xlpm.Vazoes,Base_Bueiros!$F$2:$F$37, _xlpm.DimNum,IFERROR(VALUE(TRIM(LEFT(_xlpm.Dims,FIND("x",_xlpm.Dims)-1))),VALUE(_xlpm.Dims)), _xlpm.Linhas,IF(MID(_xlpm.Tipos,2,1)="T",3,IF(MID(_xlpm.Tipos,2,1)="D",2,1)), _xlpm.EhTubular,MID(_xlpm.Tipos,3,1)="T", _xlpm.QNec,IF(ISNUMBER(FIND("Orif",_xlpm.Func)),IF(_xlpm.EhTubular,M21,M22),IF(_xlpm.EhTubular,M20,M21)), _xlpm.FiltroBase,(ISNUMBER(FIND(_xlpm.Func,_xlpm.Funcs)))*(_xlpm.Vazoes>=_xlpm.QNec), _xlpm.TemTubular,SUM(_xlpm.FiltroBase*_xlpm.EhTubular)>0, _xlpm.Filtro,_xlpm.FiltroBase*IF(_xlpm.TemTubular,_xlpm.EhTubular,NOT(_xlpm.EhTubular)), _xlpm.Prior1,IF(_xlpm.EhTubular,_xlpm.DimNum,_xlpm.Linhas), _xlpm.Prior2,IF(_xlpm.EhTubular,_xlpm.Linhas,_xlpm.DimNum), _xlpm.MenorPrior1,_xlfn.AGGREGATE(15,6,_xlpm.Prior1/_xlpm.Filtro,1), _xlpm.MenorPrior2,_xlfn.AGGREGATE(15,6,_xlpm.Prior2/(_xlpm.Filtro*(_xlpm.Prior1=_xlpm.MenorPrior1)),1), _xlpm.MenorVazao,_xlfn.AGGREGATE(15,6,_xlpm.Vazoes/(_xlpm.Filtro*(_xlpm.Prior1=_xlpm.MenorPrior1)*(_xlpm.Prior2=_xlpm.MenorPrior2)),1), _xlpm.Linha,MATCH(1,(_xlpm.Vazoes=_xlpm.MenorVazao)*(_xlpm.Filtro>0),0), _xlpm.Tipo,INDEX(_xlpm.Tipos,_xlpm.Linha), _xlpm.Dim,INDEX(_xlpm.Dims,_xlpm.Linha), _xlpm.EhTubularEscolhido,MID(_xlpm.Tipo,3,1)="T", _xlpm.Tipo&" "&IF(_xlpm.EhTubularEscolhido,_xlpm.Dim&"m",SUBSTITUTE(_xlpm.Dim,"0,00","")&"m") ),"Ponte")} -> BDCC 2,50 x 2,50m
J32: *Condição de funcionamento: canal
J34: OBRA EXISTENTE
J35: ='Apresentação - Est. Hid.'!AK22 -> Ponte existente 15,00x3,90m

Sheet PERFIL BC04
B2: Ponto | C2: Cota (m) | D2: Distância (m) | E2: Distância Acumulada (Km) | F2: DHn (m) | G2: DLn (km) | H2: Sn (m/km)
B3: C | C3: 1135 | D3: 0 | E3: =D3/1000 -> 0 | F3: 0 | G3: 0 | H3: 0 | J3: Validação por macro
B4: 2 | C4: 876 | D4: 500 | E4: =D4/1000 -> 0.5 | F4: =C3-C4 -> 259 | G4: =E4-E3 -> 0.5 | H4: =F4/G4 -> 518 | J4: Sef (m/km) | K4: =(((E12/((G4/SQRT(H4))+(G5/SQRT(H5))+(G6/SQRT(H6))+(G7/SQRT(H7))+(G8/SQRT(H8))+(G9/SQRT(H9))+(G10/SQRT(H10))+(G11/SQRT(H11))+(G12/SQRT(H12))))^2)/1000)*1000 -> 31.404046
B5: 3 | C5: 772 | D5: =D4+500 -> 1000 | E5: =D5/1000 -> 1 | F5: =C4-C5 -> 104 | G5: =E5-E4 -> 0.5 | H5: =F5/G5 -> 208 | J5: Sef (m/m) | K5: =((E12/((G4/SQRT(H4))+(G5/SQRT(H5))+(G6/SQRT(H6))+(G7/SQRT(H7))+(G8/SQRT(H8))+(G9/SQRT(H9))+(G10/SQRT(H10))+(G11/SQRT(H11))+(G12/SQRT(H12))))^2)/1000 -> 0.031404046
B6: 4 | C6: 725 | D6: =D5+500 -> 1500 | E6: =D6/1000 -> 1.5 | F6: =C5-C6 -> 47 | G6: =E6-E5 -> 0.5 | H6: =F6/G6 -> 94 | J6: Sef (%) | K6: =(((E12/((G4/SQRT(H4))+(G5/SQRT(H5))+(G6/SQRT(H6))+(G7/SQRT(H7))+(G8/SQRT(H8))+(G9/SQRT(H9))+(G10/SQRT(H10))+(G11/SQRT(H11))+(G12/SQRT(H12))))^2)/1000)*100 -> 3.1404046
B7: 5 | C7: 688 | D7: =D6+500 -> 2000 | E7: =D7/1000 -> 2 | F7: =C6-C7 -> 37 | G7: =E7-E6 -> 0.5 | H7: =F7/G7 -> 74
B8: 6 | C8: 667 | D8: =D7+500 -> 2500 | E8: =D8/1000 -> 2.5 | F8: =C7-C8 -> 21 | G8: =E8-E7 -> 0.5 | H8: =F8/G8 -> 42
B9: 7 | C9: 652 | D9: =D8+500 -> 3000 | E9: =D9/1000 -> 3 | F9: =C8-C9 -> 15 | G9: =E9-E8 -> 0.5 | H9: =F9/G9 -> 30
B10: 8 | C10: 649 | D10: =D9+500 -> 3500 | E10: =D10/1000 -> 3.5 | F10: =C9-C10 -> 3 | G10: =E10-E9 -> 0.5 | H10: =F10/G10 -> 6
B11: 9 | C11: 639 | D11: =D10+500 -> 4000 | E11: =D11/1000 -> 4 | F11: =C10-C11 -> 10 | G11: =E11-E10 -> 0.5 | H11: =F11/G11 -> 20
B12: E | C12: 634 | D12: ='BC03 (RAC-MOD)'!E7*1000 -> 4480.0612 | E12: =D12/1000 -> 4.4800612 | F12: =C11-C12 -> 5 | G12: =E12-E11 -> 0.48006121 | H12: =F12/G12 -> 10.415338
B14: Sef = | C14: =(((E12/((G4/SQRT(H4))+(G5/SQRT(H5))+(G6/SQRT(H6))+(G7/SQRT(H7))+(G8/SQRT(H8))+(G9/SQRT(H9))+(G10/SQRT(H10))+(G11/SQRT(H11))+(G12/SQRT(H12))))^2)/1000)*1000 -> 31.404046 | D14: (m/km) | E14: m/km
B15: Sef = | C15: =C14/1000 -> 0.031404046 | D15: (m/m) | E15: m/m
B16: Sef = | C16: =C15*100 -> 3.1404046 | D16: (%) | E16: %

Sheet BC05 (RAC-MOD)
A1: ESTUDOS HIDROLÓGICOS
A2: Método Racional Modificado
B3: Estaca: | E3: 314 | F3: + | G3: 11.93 | Q3: UTILIZAR TABELA QUADRO DE CHUVAS ISOZONAS DADOS PLUVIOMÉTRICOS
B4: VIA : | E4: GO-116 | F4: GROTA | K4: TEMPO DE RECORRÊNCIA : | N4: 15 | O4: anos
B5: CURSO D'ÁGUA : | E5: Córrego Piaui | K5: TEMPO DE RECORRÊNCIA : | N5: 25 | O5: anos | Q5: DECLIVIDADE EFETIVA (%): | R5: ='PERFIL BC05'!C16 -> 3.8793747
B6: ÁREA DE CONTRIBUIÇÃO (km²) : | E6: =VLOOKUP(F10,'AUX BACIAS'!$A$2:$D$10,3,0) -> 6.0556073 | K6: TEMPO DE RECORRÊNCIA : | N6: 50 | O6: anos | Q6: DECLIVIDADE MÉDIA (%): | R6: =100*(E8/(E7*1000)) -> 10.753253
B7: COMP. DO TALVEGUE (km) : | E7: =(VLOOKUP(F10,'AUX BACIAS'!$A$2:$D$10,4,0)/1000) -> 4.7334515 | K7: TEMPO DE RECORRÊNCIA : | N7: 100 | O7: anos
B8: DESNÍVEL (m) : | E8: =(INDEX('PERFIL BC05'!$C:$C,MATCH("C",'PERFIL BC05'!$B:$B,0))-INDEX('PERFIL BC05'!$C:$C,MATCH("E",'PERFIL BC05'!$B:$B,0))) -> 509 | K8: COEFICIENTE C: | O8: =H24 -> 0.34358
B9: DECLIVIDADE DA BACIA (%) : | E9: =IF(R5>R6,R6,R5) -> 3.8793747 | K9: TEMPO DE CONCENTRAÇÃO Tc (h) : | O9: =IF(E6<=0.8,0.39*(E7^2/E9)^0.385,0.59*(E7^2/E9)^0.385) -> 1.1589528
E10: Nº Bacia: | F10: {=MID(RIGHT(CELL("nome.arquivo",A1),LEN(CELL("nome.arquivo",A1)) - SEARCH("]",CELL("nome.arquivo",A1))),1,4)} -> BC05 | K10: COEFICIENTE DE RETARDO (φ): | O10: =MAX(0.5,MIN(1,4.38/(E6^0.2*E7))) -> 0.64545303
B11: Tipo de Relevo | C11: Ondulado
B12: Orografia | C12: B | J12: CHUVA DE PROJETO | Q12: Auxiliar - Não apagar
B13: * Classificação de orografia segundo a IP 03 – Goinfra – Estudos hidrológicos | J13: TR | K13: D tc (min) | L13: Po (mm) | N13: I (mm/min) | Q13: {=IFERROR(_xlfn.LET( _xlpm.Q,M20, _xlpm.Tipos,[3]Base_Bueiros!$C$2:$C$10, _xlpm.Dims,[3]Base_Bueiros!$D$2:$D$10, _xlpm.Vazoes,[3]Base_Bueiros!$F$2:$F$10, _xlpm.Diam,VALUE(_xlpm.Dims), _xlpm.MenorDiam,_xlfn.AGGREGATE(15,6,_xlpm.Diam/(_xlpm.Vazoes>=_xlpm.Q),1), _xlpm.MenorVazao,_xlfn.AGGREGATE(15,6,_xlpm.Vazoes/((_xlpm.Vazoes>=_xlpm.Q)*(_xlpm.Diam=_xlpm.MenorDiam)),1), _xlpm.Linha,MATCH(_xlpm.MenorVazao,_xlpm.Vazoes,0), INDEX(_xlpm.Tipos,_xlpm.Linha)&" d="&INDEX(_xlpm.Dims,_xlpm.Linha)&"m" ),"Não atende em canal 15 anos. Dimensionar para 25 anos")} -> Não atende em canal 15 anos. Dimensionar para 25 anos | S13: =IF(Q13="Não atende em canal 15 anos. Dimensionar para 25 anos",25,15) -> 25 | X13: ax | Y13: + | Z13: b | AB13: ='BC01 (RAC)'!AB13 -> ax (1-24h) | AC13: Método para C
J14: 15 anos | K14: =$O$9*60 -> 69.537168 | L14: =IF($O$9<=1,(X14*LN((K14/60)))+Z14,(AB14*LN((K14/60)))+Z14) -> 86.948051 | N14: =L14/K14 -> 1.2503824 | Q14: {=IFERROR(_xlfn.LET( _xlpm.Q,M21, _xlpm.Tipos,[3]Base_Bueiros!$C$20:$C$28, _xlpm.Dims,[3]Base_Bueiros!$D$20:$D$28, _xlpm.Vazoes,[3]Base_Bueiros!$F$20:$F$28, _xlpm.Diam,VALUE(_xlpm.Dims), _xlpm.MenorDiam,_xlfn.AGGREGATE(15,6,_xlpm.Diam/(_xlpm.Vazoes>=_xlpm.Q),1), _xlpm.MenorVazao,_xlfn.AGGREGATE(15,6,_xlpm.Vazoes/((_xlpm.Vazoes>=_xlpm.Q)*(_xlpm.Diam=_xlpm.MenorDiam)),1), _xlpm.Linha,MATCH(_xlpm.MenorVazao,_xlpm.Vazoes,0), _xlpm.Tipo,TRIM(IFERROR(LEFT(INDEX(_xlpm.Tipos,_xlpm.Linha),FIND(" OU ",INDEX(_xlpm.Tipos,_xlpm.Linha))-1),INDEX(_xlpm.Tipos,_xlpm.Linha))), _xlpm.Tipo&" d="&INDEX(_xlpm.Dims,_xlpm.Linha)&"m" ),"Não atende em orifício 25 anos. Dimensionar para 50 anos")} -> Não atende em orifício 25 anos. Dimensionar para 50 anos | S14: =IF(Q14="Não atende em orifício 25 anos. Dimensionar para 50 anos",50,25) -> 50 | X14: ='BC01 (RAC)'!X14 -> 26.41506 | Z14: ='BC01 (RAC)'!Z14 -> 83.379769 | AB14: ='BC01 (RAC)'!AB14 -> 24.188986 | AC14: =IF(C11="Plano","Tabelado",IF(C11="Ondulado","Tabelado",IF(C11="Montanhoso","Tabelado","Ponderado"))) -> Tabelado
J15: 25 anos | K15: =$O$9*60 -> 69.537168 | L15: =IF($O$9<=1,(X15*LN((K15/60)))+Z15,(AB15*LN((K15/60)))+Z15) -> 95.844352 | N15: =L15/K15 -> 1.3783183 | X15: ='BC01 (RAC)'!X15 -> 29.043207 | Z15: ='BC01 (RAC)'!Z15 -> 91.924418 | AB15: ='BC01 (RAC)'!AB15 -> 26.572791
J16: 50 anos | K16: =$O$9*60 -> 69.537168 | L16: =IF($O$9<=1,(X16*LN((K16/60)))+Z16,(AB16*LN((K16/60)))+Z16) -> 107.43899 | N16: =L16/K16 -> 1.5450584 | X16: ='BC01 (RAC)'!X16 -> 32.43716 | Z16: ='BC01 (RAC)'!Z16 -> 103.04595 | AB16: ='BC01 (RAC)'!AB16 -> 29.779923
J17: 100 anos | K17: =$O$9*60 -> 69.537168 | L17: =IF($O$9<=1,(X17*LN((K17/60)))+Z17,(AB17*LN((K17/60)))+Z17) -> 118.72444 | N17: =L17/K17 -> 1.7073522 | X17: ='BC01 (RAC)'!X17 -> 37.177213 | Z17: ='BC01 (RAC)'!Z17 -> 113.85574 | AB17: ='BC01 (RAC)'!AB17 -> 33.004345
B18: COMPOSIÇÃO DE ÁREA "C"
D19: m² | E19: km² | F19: C | G19: % | J19: Resultados | K19: Recorrência | M19: Qmáx
B20: Área total | D20: =E20*10^6 -> 6055607.3 | E20: =E6 -> 6.0556073 | F20: - | G20: - | H20: - | K20: Q15 = | M20: =0.278*$O$8*(N14*60)*$E$6*$O$10 -> 28.008453 | N20: m³/s
B21: Culturas e pastagens terraceadas | D21: =$D$20*G21 -> 3671514.7 | E21: =D21/10^6 -> 3.6715147 | F21: {=_xlfn.LET( _xlpm.superficie,B21, _xlpm.oro,$C$12, _xlpm.terreno,$C$11, _xlpm.metodo,$AC$14, _xlpm.linInicial,MATCH(_xlpm.superficie,C_CN_IP03!$B$4:$B$19,0), _xlpm.lin,_xlpm.linInicial+MATCH(_xlpm.oro,INDEX(C_CN_IP03!$C$4:$C$19,_xlpm.linInicial):INDEX(C_CN_IP03!$C$4:$C$19,_xlpm.linInicial+3),0)-1, IF( _xlpm.metodo="Tabelado", _xlfn.LET( _xlpm.col,MATCH(_xlpm.terreno,C_CN_IP03!$D$2:$I$2,0), INDEX(C_CN_IP03!$D$4:$I$19,_xlpm.lin,_xlpm.col) ), IF( _xlpm.metodo="Ponderado", IF( _xlpm.terreno="Levemente ondulado", AVERAGE( INDEX(C_CN_IP03!$D$4:$I$19,_xlpm.lin,1), INDEX(C_CN_IP03!$D$4:$I$19,_xlpm.lin,3) ), IF( _xlpm.terreno="Muito ondulado", AVERAGE( INDEX(C_CN_IP03!$D$4:$I$19,_xlpm.lin,3), INDEX(C_CN_IP03!$D$4:$I$19,_xlpm.lin,5) ), "Condição de terreno não reconhecida" ) ), "Método não reconhecido" ) ) )} -> 0.35 | G21: 0.6063 | H21: =(G21*(F21)) -> 0.212205 | K21: Q25 = | M21: =0.278*$O$8*(N15*60)*$E$6*$O$10 -> 30.874206 | N21: m³/s
B22: Cerrados, pastagens e matas ralas | D22: =$D$20*G22 -> 1606552.6 | E22: =D22*(10^-6) -> 1.6065526 | F22: {=_xlfn.LET( _xlpm.superficie,B22, _xlpm.oro,$C$12, _xlpm.terreno,$C$11, _xlpm.metodo,$AC$14, _xlpm.linInicial,MATCH(_xlpm.superficie,C_CN_IP03!$B$4:$B$19,0), _xlpm.lin,_xlpm.linInicial+MATCH(_xlpm.oro,INDEX(C_CN_IP03!$C$4:$C$19,_xlpm.linInicial):INDEX(C_CN_IP03!$C$4:$C$19,_xlpm.linInicial+3),0)-1, IF( _xlpm.metodo="Tabelado", _xlfn.LET( _xlpm.col,MATCH(_xlpm.terreno,C_CN_IP03!$D$2:$I$2,0), INDEX(C_CN_IP03!$D$4:$I$19,_xlpm.lin,_xlpm.col) ), IF( _xlpm.metodo="Ponderado", IF( _xlpm.terreno="Levemente ondulado", AVERAGE( INDEX(C_CN_IP03!$D$4:$I$19,_xlpm.lin,1), INDEX(C_CN_IP03!$D$4:$I$19,_xlpm.lin,3) ), IF( _xlpm.terreno="Muito ondulado", AVERAGE( INDEX(C_CN_IP03!$D$4:$I$19,_xlpm.lin,3), INDEX(C_CN_IP03!$D$4:$I$19,_xlpm.lin,5) ), "Condição de terreno não reconhecida" ) ), "Método não reconhecido" ) ) )} -> 0.35 | G22: 0.2653 | H22: =(G22*(F22)) -> 0.092855 | K22: Q50 = | M22: =0.278*$O$8*(N16*60)*$E$6*$O$10 -> 34.609169 | N22: m³/s
B23: Culturas terraceadas | D23: =$D$20*G23 -> 777539.97 | E23: =D23*(10^-6) -> 0.77753997 | F23: {=_xlfn.LET( _xlpm.superficie,B23, _xlpm.oro,$C$12, _xlpm.terreno,$C$11, _xlpm.metodo,$AC$14, _xlpm.linInicial,MATCH(_xlpm.superficie,C_CN_IP03!$B$4:$B$19,0), _xlpm.lin,_xlpm.linInicial+MATCH(_xlpm.oro,INDEX(C_CN_IP03!$C$4:$C$19,_xlpm.linInicial):INDEX(C_CN_IP03!$C$4:$C$19,_xlpm.linInicial+3),0)-1, IF( _xlpm.metodo="Tabelado", _xlfn.LET( _xlpm.col,MATCH(_xlpm.terreno,C_CN_IP03!$D$2:$I$2,0), INDEX(C_CN_IP03!$D$4:$I$19,_xlpm.lin,_xlpm.col) ), IF( _xlpm.metodo="Ponderado", IF( _xlpm.terreno="Levemente ondulado", AVERAGE( INDEX(C_CN_IP03!$D$4:$I$19,_xlpm.lin,1), INDEX(C_CN_IP03!$D$4:$I$19,_xlpm.lin,3) ), IF( _xlpm.terreno="Muito ondulado", AVERAGE( INDEX(C_CN_IP03!$D$4:$I$19,_xlpm.lin,3), INDEX(C_CN_IP03!$D$4:$I$19,_xlpm.lin,5) ), "Condição de terreno não reconhecida" ) ), "Método não reconhecido" ) ) )} -> 0.3 | G23: 0.1284 | H23: =(G23*(F23)) -> 0.03852 | K23: Q100 = | M23: =0.278*$O$8*(N17*60)*$E$6*$O$10 -> 38.244535 | N23: m³/s
B24: C adotado | H24: =(SUM(H21:H23)) -> 0.34358
B25: * Tabela de coeficientes de C e CN - IP 03 – Goinfra – Estudos hidrológicos | J25: OBRA PROJETADA
J26: {=IFERROR(_xlfn.LET( _xlpm.Func,"Orif", _xlpm.Funcs,Base_Bueiros!$A$2:$A$37, _xlpm.Tipos,Base_Bueiros!$C$2:$C$37, _xlpm.Dims,Base_Bueiros!$D$2:$D$37, _xlpm.Vazoes,Base_Bueiros!$F$2:$F$37, _xlpm.DimNum,IFERROR(VALUE(TRIM(LEFT(_xlpm.Dims,FIND("x",_xlpm.Dims)-1))),VALUE(_xlpm.Dims)), _xlpm.Linhas,IF(MID(_xlpm.Tipos,2,1)="T",3,IF(MID(_xlpm.Tipos,2,1)="D",2,1)), _xlpm.EhTubular,MID(_xlpm.Tipos,3,1)="T", _xlpm.QNec,IF(ISNUMBER(FIND("Orif",_xlpm.Func)),IF(_xlpm.EhTubular,M21,M22),IF(_xlpm.EhTubular,M20,M21)), _xlpm.FiltroBase,(ISNUMBER(FIND(_xlpm.Func,_xlpm.Funcs)))*(_xlpm.Vazoes>=_xlpm.QNec), _xlpm.TemTubular,SUM(_xlpm.FiltroBase*_xlpm.EhTubular)>0, _xlpm.Filtro,_xlpm.FiltroBase*IF(_xlpm.TemTubular,_xlpm.EhTubular,NOT(_xlpm.EhTubular)), _xlpm.Prior1,IF(_xlpm.EhTubular,_xlpm.DimNum,_xlpm.Linhas), _xlpm.Prior2,IF(_xlpm.EhTubular,_xlpm.Linhas,_xlpm.DimNum), _xlpm.MenorPrior1,_xlfn.AGGREGATE(15,6,_xlpm.Prior1/_xlpm.Filtro,1), _xlpm.MenorPrior2,_xlfn.AGGREGATE(15,6,_xlpm.Prior2/(_xlpm.Filtro*(_xlpm.Prior1=_xlpm.MenorPrior1)),1), _xlpm.MenorVazao,_xlfn.AGGREGATE(15,6,_xlpm.Vazoes/(_xlpm.Filtro*(_xlpm.Prior1=_xlpm.MenorPrior1)*(_xlpm.Prior2=_xlpm.MenorPrior2)),1), _xlpm.Linha,MATCH(1,(_xlpm.Vazoes=_xlpm.MenorVazao)*(_xlpm.Filtro>0),0), _xlpm.Tipo,INDEX(_xlpm.Tipos,_xlpm.Linha), _xlpm.Dim,INDEX(_xlpm.Dims,_xlpm.Linha), _xlpm.EhTubularEscolhido,MID(_xlpm.Tipo,3,1)="T", _xlpm.Tipo&" "&IF(_xlpm.EhTubularEscolhido,_xlpm.Dim&"m",SUBSTITUTE(_xlpm.Dim,"0,00","")&"m") ),"Ponte")} -> BSCC 3,00 x 3,00m
J27: *Condição de funcionamento: orifício
J28: *Carga hidráulica: h=1,2*H
J30: OBRA PROJETADA
J31: {=IFERROR(_xlfn.LET( _xlpm.Func,"Canal", _xlpm.Funcs,Base_Bueiros!$A$2:$A$37, _xlpm.Tipos,Base_Bueiros!$C$2:$C$37, _xlpm.Dims,Base_Bueiros!$D$2:$D$37, _xlpm.Vazoes,Base_Bueiros!$F$2:$F$37, _xlpm.DimNum,IFERROR(VALUE(TRIM(LEFT(_xlpm.Dims,FIND("x",_xlpm.Dims)-1))),VALUE(_xlpm.Dims)), _xlpm.Linhas,IF(MID(_xlpm.Tipos,2,1)="T",3,IF(MID(_xlpm.Tipos,2,1)="D",2,1)), _xlpm.EhTubular,MID(_xlpm.Tipos,3,1)="T", _xlpm.QNec,IF(ISNUMBER(FIND("Orif",_xlpm.Func)),IF(_xlpm.EhTubular,M21,M22),IF(_xlpm.EhTubular,M20,M21)), _xlpm.FiltroBase,(ISNUMBER(FIND(_xlpm.Func,_xlpm.Funcs)))*(_xlpm.Vazoes>=_xlpm.QNec), _xlpm.TemTubular,SUM(_xlpm.FiltroBase*_xlpm.EhTubular)>0, _xlpm.Filtro,_xlpm.FiltroBase*IF(_xlpm.TemTubular,_xlpm.EhTubular,NOT(_xlpm.EhTubular)), _xlpm.Prior1,IF(_xlpm.EhTubular,_xlpm.DimNum,_xlpm.Linhas), _xlpm.Prior2,IF(_xlpm.EhTubular,_xlpm.Linhas,_xlpm.DimNum), _xlpm.MenorPrior1,_xlfn.AGGREGATE(15,6,_xlpm.Prior1/_xlpm.Filtro,1), _xlpm.MenorPrior2,_xlfn.AGGREGATE(15,6,_xlpm.Prior2/(_xlpm.Filtro*(_xlpm.Prior1=_xlpm.MenorPrior1)),1), _xlpm.MenorVazao,_xlfn.AGGREGATE(15,6,_xlpm.Vazoes/(_xlpm.Filtro*(_xlpm.Prior1=_xlpm.MenorPrior1)*(_xlpm.Prior2=_xlpm.MenorPrior2)),1), _xlpm.Linha,MATCH(1,(_xlpm.Vazoes=_xlpm.MenorVazao)*(_xlpm.Filtro>0),0), _xlpm.Tipo,INDEX(_xlpm.Tipos,_xlpm.Linha), _xlpm.Dim,INDEX(_xlpm.Dims,_xlpm.Linha), _xlpm.EhTubularEscolhido,MID(_xlpm.Tipo,3,1)="T", _xlpm.Tipo&" "&IF(_xlpm.EhTubularEscolhido,_xlpm.Dim&"m",SUBSTITUTE(_xlpm.Dim,"0,00","")&"m") ),"Ponte")} -> BDCC 2,50 x 2,50m
J32: *Condição de funcionamento: canal
J34: OBRA EXISTENTE
J35: ='Apresentação - Est. Hid.'!AK23 -> Ponte existente 11,50x3,80m

Sheet PERFIL BC05
B2: Ponto | C2: Cota (m) | D2: Distância (m) | E2: Distância Acumulada (Km) | F2: DHn (m) | G2: DLn (km) | H2: Sn (m/km)
B3: C | C3: 1151 | D3: 0 | E3: =D3/1000 -> 0 | F3: 0 | G3: 0 | H3: 0 | J3: Validação por macro
B4: 2 | C4: 918 | D4: 500 | E4: =D4/1000 -> 0.5 | F4: =C3-C4 -> 233 | G4: =E4-E3 -> 0.5 | H4: =F4/G4 -> 466 | J4: Sef (m/km) | K4: =(((E12/((G4/SQRT(H4))+(G5/SQRT(H5))+(G6/SQRT(H6))+(G7/SQRT(H7))+(G8/SQRT(H8))+(G9/SQRT(H9))+(G10/SQRT(H10))+(G11/SQRT(H11))+(G12/SQRT(H12))))^2)/1000)*1000 -> 38.793747
B5: 3 | C5: 806 | D5: =D4+500 -> 1000 | E5: =D5/1000 -> 1 | F5: =C4-C5 -> 112 | G5: =E5-E4 -> 0.5 | H5: =F5/G5 -> 224 | J5: Sef (m/m) | K5: =((E12/((G4/SQRT(H4))+(G5/SQRT(H5))+(G6/SQRT(H6))+(G7/SQRT(H7))+(G8/SQRT(H8))+(G9/SQRT(H9))+(G10/SQRT(H10))+(G11/SQRT(H11))+(G12/SQRT(H12))))^2)/1000 -> 0.038793747
B6: 4 | C6: 746 | D6: =D5+500 -> 1500 | E6: =D6/1000 -> 1.5 | F6: =C5-C6 -> 60 | G6: =E6-E5 -> 0.5 | H6: =F6/G6 -> 120 | J6: Sef (%) | K6: =(((E12/((G4/SQRT(H4))+(G5/SQRT(H5))+(G6/SQRT(H6))+(G7/SQRT(H7))+(G8/SQRT(H8))+(G9/SQRT(H9))+(G10/SQRT(H10))+(G11/SQRT(H11))+(G12/SQRT(H12))))^2)/1000)*100 -> 3.8793747
B7: 5 | C7: 707 | D7: =D6+500 -> 2000 | E7: =D7/1000 -> 2 | F7: =C6-C7 -> 39 | G7: =E7-E6 -> 0.5 | H7: =F7/G7 -> 78
B8: 6 | C8: 685 | D8: =D7+500 -> 2500 | E8: =D8/1000 -> 2.5 | F8: =C7-C8 -> 22 | G8: =E8-E7 -> 0.5 | H8: =F8/G8 -> 44
B9: 7 | C9: 672 | D9: =D8+500 -> 3000 | E9: =D9/1000 -> 3 | F9: =C8-C9 -> 13 | G9: =E9-E8 -> 0.5 | H9: =F9/G9 -> 26
B10: 8 | C10: 656 | D10: =D9+500 -> 3500 | E10: =D10/1000 -> 3.5 | F10: =C9-C10 -> 16 | G10: =E10-E9 -> 0.5 | H10: =F10/G10 -> 32
B11: 9 | C11: 645 | D11: =D10+500 -> 4000 | E11: =D11/1000 -> 4 | F11: =C10-C11 -> 11 | G11: =E11-E10 -> 0.5 | H11: =F11/G11 -> 22
B12: E | C12: 642 | D12: ='BC03 (RAC-MOD)'!E7*1000 -> 4480.0612 | E12: =D12/1000 -> 4.4800612 | F12: =C11-C12 -> 3 | G12: =E12-E11 -> 0.48006121 | H12: =F12/G12 -> 6.2492031
B14: Sef = | C14: =(((E12/((G4/SQRT(H4))+(G5/SQRT(H5))+(G6/SQRT(H6))+(G7/SQRT(H7))+(G8/SQRT(H8))+(G9/SQRT(H9))+(G10/SQRT(H10))+(G11/SQRT(H11))+(G12/SQRT(H12))))^2)/1000)*1000 -> 38.793747 | D14: (m/km) | E14: m/km
B15: Sef = | C15: =C14/1000 -> 0.038793747 | D15: (m/m) | E15: m/m
B16: Sef = | C16: =C15*100 -> 3.8793747 | D16: (%) | E16: %

Sheet BC06 (HUT)
A1: Tabela 6.21 – Bacia Hidrográfica 06
A2: ESTUDOS HIDROLÓGICOS
A3: Hidrograma Unitário
B4: ESTACA : | E4: 397 | F4: + | G4: 4.42
B5: VIA : | E5: GO-116 | F5: GROTA | M5: TEMPO DE RECORRÊNCIA : | P5: 25 | Q5: anos | T5: Método
B6: CURSO D'ÁGUA : | E6: Córrego Palmeira | M6: CN: | N6: =H19 -> 59 | P6: S: | Q6: =25400/N6-254 -> 176.50847 | T6: =IF(AND(E7>=10,E7<=20),"Hidrograma Sintético Triangular","Hidrograma Unitário Triangular") -> Hidrograma Sintético Triangular | AA6: DECLIVIDADE EFETIVA (%): | AC6: ='PERFIL BC06 (HUT)'!C23 -> 3.3974951
B7: ÁREA DE CONTRIBUIÇÃO (km2) : | E7: =VLOOKUP(F11,'AUX BACIAS'!$A$2:$D$10,3,0) -> 17.22854 | M7: TEMPO DE CONCENTRAÇÃO Tc (h) : | Q7: =IF(E7<0.8,0.39*(E8^2/E10)^0.385,0.59*(E8^2/E10)^0.385) -> 2.0375059 | AA7: DECLIVIDADE MÉDIA (%): | AC7: =100*(E9/(E8*1000)) -> 6.3250976
B8: COMP. DO TALVEGUE (km) : | E8: =(VLOOKUP(F11,'AUX BACIAS'!$A$2:$D$10,4,0)/1000) -> 9.2172491 | M8: TEMPO UNITÁRIO Tu (h) : | Q8: =Q7/4 -> 0.50937648 | T8: https://sobreasaguas.com/2023/02/15/como-calcular-chuva-efetiva-pelo-metodo-scs/
B9: DESNÍVEL (m) : | E9: =(INDEX('PERFIL BC06 (HUT)'!$C:$C,MATCH("C",'PERFIL BC06 (HUT)'!$B:$B,0))-INDEX('PERFIL BC06 (HUT)'!$C:$C,MATCH("E",'PERFIL BC06 (HUT)'!$B:$B,0))) -> 583 | M9: TEMPO DE PICO Tp (h) : | Q9: =((Q7/6)/2)+(0.6*Q7) -> 1.3922957
B10: DECLIVIDADE EFETIVA DO TALVEGUE (%) : | E10: =IF(AC6>AC7,AC7,AC6) -> 3.3974951 | M10: TEMPO DE BASE Tb (h) : | Q10: =2.67*Q9 -> 3.7174296
B11: Tipo de Relevo | C11: Ondulado | E11: Nº Bacia: | F11: {=MID(RIGHT(CELL("nome.arquivo",A1),LEN(CELL("nome.arquivo",A1)) - SEARCH("]",CELL("nome.arquivo",A1))),1,4)} -> BC06 | M11: TEMPO DE RETORNO Tr (h) : | Q11: =1.67*Q9 -> 2.3251338
B12: Orografia | C12: B | M12: m (Tp) | N12: (m3 /s/cm) : | Q12: =(2.08/Q9)*E7 -> 25.738328
B13: COMPOSIÇÃO DE ÁREA "CN" | AC13: Método para C
D14: m² | E14: km² | F14: CN | G14: % | AC14: =IF(C11="Plano","Tabelado",IF(C11="Ondulado","Tabelado",IF(C11="Montanhoso","Tabelado","Ponderado"))) -> Tabelado
B15: Área total | D15: =E7*10^6 -> 17228540 | E15: =E7 -> 17.22854 | F15: - | G15: - | H15: -
B16: Áreas Urbanizadas, Cerrados, pastagens | D16: =($D$15*G16) -> 14073995 | E16: =D16*(10^-6) -> 14.073995 | F16: {=_xlfn.LET( _xlpm.superficie,B16, _xlpm.oro,$C$12, _xlpm.terreno,$C$11, _xlpm.metodo,$AC$14, _xlpm.linInicial,MATCH(_xlpm.superficie,C_CN_IP03!$B$4:$B$19,0), _xlpm.lin,_xlpm.linInicial+MATCH(_xlpm.oro,INDEX(C_CN_IP03!$C$4:$C$19,_xlpm.linInicial):INDEX(C_CN_IP03!$C$4:$C$19,_xlpm.linInicial+3),0)-1, IF( _xlpm.metodo="Tabelado", _xlfn.LET( _xlpm.col,MATCH(_xlpm.terreno,C_CN_IP03!$D$2:$I$2,0)+1, INDEX(C_CN_IP03!$D$4:$I$19,_xlpm.lin,_xlpm.col) ), IF( _xlpm.metodo="Ponderado", IF( _xlpm.terreno="Levemente ondulado", AVERAGE( INDEX(C_CN_IP03!$D$4:$I$19,_xlpm.lin,2), INDEX(C_CN_IP03!$D$4:$I$19,_xlpm.lin,4) ), IF( _xlpm.terreno="Muito ondulado", AVERAGE( INDEX(C_CN_IP03!$D$4:$I$19,_xlpm.lin,4), INDEX(C_CN_IP03!$D$4:$I$19,_xlpm.lin,6) ), "Condição de terreno não reconhecida" ) ), "Método não reconhecido" ) ) )} -> 60 | G16: 0.8169 | H16: =(G16*(F16)) -> 49.014
B17: Culturas e pastagens terraceadas | D17: =($D$15*G17) -> 1893416.6 | E17: =D17*(10^-6) -> 1.8934166 | F17: {=_xlfn.LET( _xlpm.superficie,B17, _xlpm.oro,$C$12, _xlpm.terreno,$C$11, _xlpm.metodo,$AC$14, _xlpm.linInicial,MATCH(_xlpm.superficie,C_CN_IP03!$B$4:$B$19,0), _xlpm.lin,_xlpm.linInicial+MATCH(_xlpm.oro,INDEX(C_CN_IP03!$C$4:$C$19,_xlpm.linInicial):INDEX(C_CN_IP03!$C$4:$C$19,_xlpm.linInicial+3),0)-1, IF( _xlpm.metodo="Tabelado", _xlfn.LET( _xlpm.col,MATCH(_xlpm.terreno,C_CN_IP03!$D$2:$I$2,0)+1, INDEX(C_CN_IP03!$D$4:$I$19,_xlpm.lin,_xlpm.col) ), IF( _xlpm.metodo="Ponderado", IF( _xlpm.terreno="Levemente ondulado", AVERAGE( INDEX(C_CN_IP03!$D$4:$I$19,_xlpm.lin,2), INDEX(C_CN_IP03!$D$4:$I$19,_xlpm.lin,4) ), IF( _xlpm.terreno="Muito ondulado", AVERAGE( INDEX(C_CN_IP03!$D$4:$I$19,_xlpm.lin,4), INDEX(C_CN_IP03!$D$4:$I$19,_xlpm.lin,6) ), "Condição de terreno não reconhecida" ) ), "Método não reconhecido" ) ) )} -> 50 | G17: 0.1099 | H17: =(G17*(F17)) -> 5.495
B18: Culturas terraceadas | D18: =($D$15*G18) -> 1261129.2 | E18: =D18*(10^-6) -> 1.2611292 | F18: {=_xlfn.LET( _xlpm.superficie,B18, _xlpm.oro,$C$12, _xlpm.terreno,$C$11, _xlpm.metodo,$AC$14, _xlpm.linInicial,MATCH(_xlpm.superficie,C_CN_IP03!$B$4:$B$19,0), _xlpm.lin,_xlpm.linInicial+MATCH(_xlpm.oro,INDEX(C_CN_IP03!$C$4:$C$19,_xlpm.linInicial):INDEX(C_CN_IP03!$C$4:$C$19,_xlpm.linInicial+3),0)-1, IF( _xlpm.metodo="Tabelado", _xlfn.LET( _xlpm.col,MATCH(_xlpm.terreno,C_CN_IP03!$D$2:$I$2,0)+1, INDEX(C_CN_IP03!$D$4:$I$19,_xlpm.lin,_xlpm.col) ), IF( _xlpm.metodo="Ponderado", IF( _xlpm.terreno="Levemente ondulado", AVERAGE( INDEX(C_CN_IP03!$D$4:$I$19,_xlpm.lin,2), INDEX(C_CN_IP03!$D$4:$I$19,_xlpm.lin,4) ), IF( _xlpm.terreno="Muito ondulado", AVERAGE( INDEX(C_CN_IP03!$D$4:$I$19,_xlpm.lin,4), INDEX(C_CN_IP03!$D$4:$I$19,_xlpm.lin,6) ), "Condição de terreno não reconhecida" ) ), "Método não reconhecido" ) ) )} -> 50 | G18: 0.0732 | H18: =(G18*(F18)) -> 3.66 | T18: IP - 03 (GOINFRA)
B19: CN adotado | H19: =ROUNDUP(H16+H17+H18,0) -> 59 | X19: HST
B21: Valores de Precipitação (mm)
B22: Duração da Chuva | D22: TEMPO DE RECORRÊNCIA
D23: 5 anos | E23: 10 anos | F23: 15 anos | G23: 20 anos | H23: 25 anos | I23: 50 anos | J23: 100 anos
B24: 6 min | C24: 6 | D24: ='[2]Ven Te Chow'!B10 -> 17.06149 | E24: ='[2]Ven Te Chow'!C10 -> 20.588595 | F24: ='[2]Ven Te Chow'!D10 -> 22.556846 | G24: ='[2]Ven Te Chow'!E10 -> 23.973986 | H24: ='[2]Ven Te Chow'!F10 -> 25.049963 | I24: ='[2]Ven Te Chow'!G10 -> 28.356624 | J24: ='[2]Ven Te Chow'!H10 -> 28.252045
B25: 1 h | C25: 60 | D25: ='[2]Ven Te Chow'!B9 -> 63.980588 | E25: ='[2]Ven Te Chow'!C9 -> 76.471925 | F25: ='[2]Ven Te Chow'!D9 -> 83.379769 | G25: ='[2]Ven Te Chow'!E9 -> 88.19002 | H25: ='[2]Ven Te Chow'!F9 -> 91.924418 | I25: ='[2]Ven Te Chow'!G9 -> 103.04595 | J25: ='[2]Ven Te Chow'!H9 -> 113.85574
B26: 24 h | C26: 1440 | D26: ='[2]Ven Te Chow'!B8 -> 152.33473 | E26: ='[2]Ven Te Chow'!C8 -> 183.82674 | F26: ='[2]Ven Te Chow'!D8 -> 201.40041 | G26: ='[2]Ven Te Chow'!E8 -> 214.05345 | H26: ='[2]Ven Te Chow'!F8 -> 223.66038 | I26: ='[2]Ven Te Chow'!G8 -> 253.18414 | J26: ='[2]Ven Te Chow'!H8 -> 282.52045 | W26: HUT
L27: IDF | M27: Tu | N27: Po | O27: Pm | P27: Pe | Q27: D Pe
B28: D tc (min) | C28: D tc (horas) | D28: Po (mm) - 5 Anos | E28: Po (mm) - 10 Anos | F28: Po (mm) - 15 Anos | G28: Po (mm) - 20 Anos | H28: Po (mm) - 25 Anos | I28: Po (mm) - 50 Anos | J28: Po (mm) - 100 Anos | L28: (h) | M28: (h) | N28: (mm) | O28: (mm) | P28: (cm) | Q28: (cm)
B29: =(Q7*60)/4 -> 30.562589 | C29: =B29/60 -> 0.50937648 | D29: =IF($C29<=$C$25/60,((D$25-D$24)/LN(($C$25/60)/($C$24/60)))*LN($C29/($C$25/60))+D$25,((D$26-D$25)/LN(($C$26/60)/($C$25/60)))*LN($C29/($C$25/60))+D$25) -> 50.235117 | E29: =IF($C29<=$C$25/60,((E$25-E$24)/LN(($C$25/60)/($C$24/60)))*LN($C29/($C$25/60))+E$25,((E$26-E$25)/LN(($C$26/60)/($C$25/60)))*LN($C29/($C$25/60))+E$25) -> 60.100282 | F29: =IF($C29<=$C$25/60,((F$25-F$24)/LN(($C$25/60)/($C$24/60)))*LN($C29/($C$25/60))+F$25,((F$26-F$25)/LN(($C$26/60)/($C$25/60)))*LN($C29/($C$25/60))+F$25) -> 65.561017 | G29: =IF($C29<=$C$25/60,((G$25-G$24)/LN(($C$25/60)/($C$24/60)))*LN($C29/($C$25/60))+G$25,((G$26-G$25)/LN(($C$26/60)/($C$25/60)))*LN($C29/($C$25/60))+G$25) -> 69.377219 | H29: =IF($C29<=$C$25/60,((H$25-H$24)/LN(($C$25/60)/($C$24/60)))*LN($C29/($C$25/60))+H$25,((H$26-H$25)/LN(($C$26/60)/($C$25/60)))*LN($C29/($C$25/60))+H$25) -> 72.332803 | I29: =IF($C29<=$C$25/60,((I$25-I$24)/LN(($C$25/60)/($C$24/60)))*LN($C29/($C$25/60))+I$25,((I$26-I$25)/LN(($C$26/60)/($C$25/60)))*LN($C29/($C$25/60))+I$25) -> 81.164879 | J29: =IF($C29<=$C$25/60,((J$25-J$24)/LN(($C$25/60)/($C$24/60)))*LN($C29/($C$25/60))+J$25,((J$26-J$25)/LN(($C$26/60)/($C$25/60)))*LN($C29/($C$25/60))+J$25) -> 88.777186 | L29: =N29/B29 -> 2.3667106 | M29: =Q8 -> 0.50937648 | N29: =(IF($P$5=15,(F29),IF($P$5=25,(H29),IF($P$5=50,(I29),IF($P$5=100,(J29)))))) -> 72.332803 | O29: =N29*(1-0.1*LOG(E$7/25)) -> 73.502363 | P29: =((O29-(5080/(ROUND($N$6,0)))+50.8)^2)/(O29+(20320/(ROUND($N$6,0)))-203.2)/10 -> 0.67965948 | Q29: =P29 -> 0.67965948
B30: =B29+$B$29 -> 61.125178 | C30: =B30/60 -> 1.018753 | D30: =IF($C30<=$C$25/60,((D$25-D$24)/LN(($C$25/60)/($C$24/60)))*LN($C30/($C$25/60))+D$25,((D$26-D$25)/LN(($C$26/60)/($C$25/60)))*LN($C30/($C$25/60))+D$25) -> 64.497117 | E30: =IF($C30<=$C$25/60,((E$25-E$24)/LN(($C$25/60)/($C$24/60)))*LN($C30/($C$25/60))+E$25,((E$26-E$25)/LN(($C$26/60)/($C$25/60)))*LN($C30/($C$25/60))+E$25) -> 77.099534 | F30: =IF($C30<=$C$25/60,((F$25-F$24)/LN(($C$25/60)/($C$24/60)))*LN($C30/($C$25/60))+F$25,((F$26-F$25)/LN(($C$26/60)/($C$25/60)))*LN($C30/($C$25/60))+F$25) -> 84.069732 | G30: =IF($C30<=$C$25/60,((G$25-G$24)/LN(($C$25/60)/($C$24/60)))*LN($C30/($C$25/60))+G$25,((G$26-G$25)/LN(($C$26/60)/($C$25/60)))*LN($C30/($C$25/60))+G$25) -> 88.925833 | H30: =IF($C30<=$C$25/60,((H$25-H$24)/LN(($C$25/60)/($C$24/60)))*LN($C30/($C$25/60))+H$25,((H$26-H$25)/LN(($C$26/60)/($C$25/60)))*LN($C30/($C$25/60))+H$25) -> 92.694562 | I30: =IF($C30<=$C$25/60,((I$25-I$24)/LN(($C$25/60)/($C$24/60)))*LN($C30/($C$25/60))+I$25,((I$26-I$25)/LN(($C$26/60)/($C$25/60)))*LN($C30/($C$25/60))+I$25) -> 103.92367 | J30: =IF($C30<=$C$25/60,((J$25-J$24)/LN(($C$25/60)/($C$24/60)))*LN($C30/($C$25/60))+J$25,((J$26-J$25)/LN(($C$26/60)/($C$25/60)))*LN($C30/($C$25/60))+J$25) -> 114.84177 | L30: =N30/B30 -> 1.516471 | M30: =Q$8+M29 -> 1.018753 | N30: =(IF($P$5=15,(F30),IF($P$5=25,(H30),IF($P$5=50,(I30),IF($P$5=100,(J30)))))) -> 92.694562 | O30: =N30*(1-0.1*LOG(E$7/25)) -> 94.193355 | P30: =((O30-(5080/(ROUND($N$6,0)))+50.8)^2)/(O30+(20320/(ROUND($N$6,0)))-203.2)/10 -> 1.4733329 | Q30: =P30-P29 -> 0.7936734
B31: =B30+$B$29 -> 91.687766 | C31: =B31/60 -> 1.5281294 | D31: =IF($C31<=$C$25/60,((D$25-D$24)/LN(($C$25/60)/($C$24/60)))*LN($C31/($C$25/60))+D$25,((D$26-D$25)/LN(($C$26/60)/($C$25/60)))*LN($C31/($C$25/60))+D$25) -> 75.769589 | E31: =IF($C31<=$C$25/60,((E$25-E$24)/LN(($C$25/60)/($C$24/60)))*LN($C31/($C$25/60))+E$25,((E$26-E$25)/LN(($C$26/60)/($C$25/60)))*LN($C31/($C$25/60))+E$25) -> 90.796165 | F31: =IF($C31<=$C$25/60,((F$25-F$24)/LN(($C$25/60)/($C$24/60)))*LN($C31/($C$25/60))+F$25,((F$26-F$25)/LN(($C$26/60)/($C$25/60)))*LN($C31/($C$25/60))+F$25) -> 99.127139 | G31: =IF($C31<=$C$25/60,((G$25-G$24)/LN(($C$25/60)/($C$24/60)))*LN($C31/($C$25/60))+G$25,((G$26-G$25)/LN(($C$26/60)/($C$25/60)))*LN($C31/($C$25/60))+G$25) -> 104.98385 | H31: =IF($C31<=$C$25/60,((H$25-H$24)/LN(($C$25/60)/($C$24/60)))*LN($C31/($C$25/60))+H$25,((H$26-H$25)/LN(($C$26/60)/($C$25/60)))*LN($C31/($C$25/60))+H$25) -> 109.50181 | I31: =IF($C31<=$C$25/60,((I$25-I$24)/LN(($C$25/60)/($C$24/60)))*LN($C31/($C$25/60))+I$25,((I$26-I$25)/LN(($C$26/60)/($C$25/60)))*LN($C31/($C$25/60))+I$25) -> 123.07873 | J31: =IF($C31<=$C$25/60,((J$25-J$24)/LN(($C$25/60)/($C$24/60)))*LN($C31/($C$25/60))+J$25,((J$26-J$25)/LN(($C$26/60)/($C$25/60)))*LN($C31/($C$25/60))+J$25) -> 136.3605 | L31: =N31/B31 -> 1.1942903 | M31: =Q$8+M30 -> 1.5281294 | N31: =(IF($P$5=15,(F31),IF($P$5=25,(H31),IF($P$5=50,(I31),IF($P$5=100,(J31)))))) -> 109.50181 | O31: =N31*(1-0.1*LOG(E$7/25)) -> 111.27236 | P31: =((O31-(5080/(ROUND($N$6,0)))+50.8)^2)/(O31+(20320/(ROUND($N$6,0)))-203.2)/10 -> 2.2859481 | Q31: =P31-P30 -> 0.81261522
B32: =B31+$B$29 -> 122.25036 | C32: =B32/60 -> 2.0375059 | D32: =IF($C32<=$C$25/60,((D$25-D$24)/LN(($C$25/60)/($C$24/60)))*LN($C32/($C$25/60))+D$25,((D$26-D$25)/LN(($C$26/60)/($C$25/60)))*LN($C32/($C$25/60))+D$25) -> 83.767535 | E32: =IF($C32<=$C$25/60,((E$25-E$24)/LN(($C$25/60)/($C$24/60)))*LN($C32/($C$25/60))+E$25,((E$26-E$25)/LN(($C$26/60)/($C$25/60)))*LN($C32/($C$25/60))+E$25) -> 100.51408 | F32: =IF($C32<=$C$25/60,((F$25-F$24)/LN(($C$25/60)/($C$24/60)))*LN($C32/($C$25/60))+F$25,((F$26-F$25)/LN(($C$26/60)/($C$25/60)))*LN($C32/($C$25/60))+F$25) -> 109.81054 | G32: =IF($C32<=$C$25/60,((G$25-G$24)/LN(($C$25/60)/($C$24/60)))*LN($C32/($C$25/60))+G$25,((G$26-G$25)/LN(($C$26/60)/($C$25/60)))*LN($C32/($C$25/60))+G$25) -> 116.37719 | H32: =IF($C32<=$C$25/60,((H$25-H$24)/LN(($C$25/60)/($C$24/60)))*LN($C32/($C$25/60))+H$25,((H$26-H$25)/LN(($C$26/60)/($C$25/60)))*LN($C32/($C$25/60))+H$25) -> 121.42674 | I32: =IF($C32<=$C$25/60,((I$25-I$24)/LN(($C$25/60)/($C$24/60)))*LN($C32/($C$25/60))+I$25,((I$26-I$25)/LN(($C$26/60)/($C$25/60)))*LN($C32/($C$25/60))+I$25) -> 136.66946 | J32: =IF($C32<=$C$25/60,((J$25-J$24)/LN(($C$25/60)/($C$24/60)))*LN($C32/($C$25/60))+J$25,((J$26-J$25)/LN(($C$26/60)/($C$25/60)))*LN($C32/($C$25/60))+J$25) -> 151.62827 | L32: =N32/B32 -> 0.99326289 | M32: =Q$8+M31 -> 2.0375059 | N32: =(IF($P$5=15,(F32),IF($P$5=25,(H32),IF($P$5=50,(I32),IF($P$5=100,(J32)))))) -> 121.42674 | O32: =N32*(1-0.1*LOG(E$7/25)) -> 123.39011 | P32: =((O32-(5080/(ROUND($N$6,0)))+50.8)^2)/(O32+(20320/(ROUND($N$6,0)))-203.2)/10 -> 2.9326001 | Q32: =P32-P31 -> 0.64665203
B33: =B32+$B$29 -> 152.81294 | C33: =B33/60 -> 2.5468824 | D33: =IF($C33<=$C$25/60,((D$25-D$24)/LN(($C$25/60)/($C$24/60)))*LN($C33/($C$25/60))+D$25,((D$26-D$25)/LN(($C$26/60)/($C$25/60)))*LN($C33/($C$25/60))+D$25) -> 89.971224 | E33: =IF($C33<=$C$25/60,((E$25-E$24)/LN(($C$25/60)/($C$24/60)))*LN($C33/($C$25/60))+E$25,((E$26-E$25)/LN(($C$26/60)/($C$25/60)))*LN($C33/($C$25/60))+E$25) -> 108.05188 | F33: =IF($C33<=$C$25/60,((F$25-F$24)/LN(($C$25/60)/($C$24/60)))*LN($C33/($C$25/60))+F$25,((F$26-F$25)/LN(($C$26/60)/($C$25/60)))*LN($C33/($C$25/60))+F$25) -> 118.09723 | G33: =IF($C33<=$C$25/60,((G$25-G$24)/LN(($C$25/60)/($C$24/60)))*LN($C33/($C$25/60))+G$25,((G$26-G$25)/LN(($C$26/60)/($C$25/60)))*LN($C33/($C$25/60))+G$25) -> 125.21455 | H33: =IF($C33<=$C$25/60,((H$25-H$24)/LN(($C$25/60)/($C$24/60)))*LN($C33/($C$25/60))+H$25,((H$26-H$25)/LN(($C$26/60)/($C$25/60)))*LN($C33/($C$25/60))+H$25) -> 130.67644 | I33: =IF($C33<=$C$25/60,((I$25-I$24)/LN(($C$25/60)/($C$24/60)))*LN($C33/($C$25/60))+I$25,((I$26-I$25)/LN(($C$26/60)/($C$25/60)))*LN($C33/($C$25/60))+I$25) -> 147.21124 | J33: =IF($C33<=$C$25/60,((J$25-J$24)/LN(($C$25/60)/($C$24/60)))*LN($C33/($C$25/60))+J$25,((J$26-J$25)/LN(($C$26/60)/($C$25/60)))*LN($C33/($C$25/60))+J$25) -> 163.47088 | L33: =N33/B33 -> 0.85513985 | M33: =Q$8+M32 -> 2.5468824 | N33: =(IF($P$5=15,(F33),IF($P$5=25,(H33),IF($P$5=50,(I33),IF($P$5=100,(J33)))))) -> 130.67644 | O33: =N33*(1-0.1*LOG(E$7/25)) -> 132.78936 | P33: =((O33-(5080/(ROUND($N$6,0)))+50.8)^2)/(O33+(20320/(ROUND($N$6,0)))-203.2)/10 -> 3.4686057 | Q33: =P33-P32 -> 0.53600552
B34: =B33+$B$29 -> 183.37553 | C34: =B34/60 -> 3.0562589 | D34: =IF($C34<=$C$25/60,((D$25-D$24)/LN(($C$25/60)/($C$24/60)))*LN($C34/($C$25/60))+D$25,((D$26-D$25)/LN(($C$26/60)/($C$25/60)))*LN($C34/($C$25/60))+D$25) -> 95.040007 | E34: =IF($C34<=$C$25/60,((E$25-E$24)/LN(($C$25/60)/($C$24/60)))*LN($C34/($C$25/60))+E$25,((E$26-E$25)/LN(($C$26/60)/($C$25/60)))*LN($C34/($C$25/60))+E$25) -> 114.21071 | F34: =IF($C34<=$C$25/60,((F$25-F$24)/LN(($C$25/60)/($C$24/60)))*LN($C34/($C$25/60))+F$25,((F$26-F$25)/LN(($C$26/60)/($C$25/60)))*LN($C34/($C$25/60))+F$25) -> 124.86795 | G34: =IF($C34<=$C$25/60,((G$25-G$24)/LN(($C$25/60)/($C$24/60)))*LN($C34/($C$25/60))+G$25,((G$26-G$25)/LN(($C$26/60)/($C$25/60)))*LN($C34/($C$25/60))+G$25) -> 132.4352 | H34: =IF($C34<=$C$25/60,((H$25-H$24)/LN(($C$25/60)/($C$24/60)))*LN($C34/($C$25/60))+H$25,((H$26-H$25)/LN(($C$26/60)/($C$25/60)))*LN($C34/($C$25/60))+H$25) -> 138.23399 | I34: =IF($C34<=$C$25/60,((I$25-I$24)/LN(($C$25/60)/($C$24/60)))*LN($C34/($C$25/60))+I$25,((I$26-I$25)/LN(($C$26/60)/($C$25/60)))*LN($C34/($C$25/60))+I$25) -> 155.82451 | J34: =IF($C34<=$C$25/60,((J$25-J$24)/LN(($C$25/60)/($C$24/60)))*LN($C34/($C$25/60))+J$25,((J$26-J$25)/LN(($C$26/60)/($C$25/60)))*LN($C34/($C$25/60))+J$25) -> 173.14699 | L34: =N34/B34 -> 0.75383006 | M34: =Q$8+M33 -> 3.0562589 | N34: =(IF($P$5=15,(F34),IF($P$5=25,(H34),IF($P$5=50,(I34),IF($P$5=100,(J34)))))) -> 138.23399 | O34: =N34*(1-0.1*LOG(E$7/25)) -> 140.46912 | P34: =((O34-(5080/(ROUND($N$6,0)))+50.8)^2)/(O34+(20320/(ROUND($N$6,0)))-203.2)/10 -> 3.9265647 | Q34: =P34-P33 -> 0.45795909
B35: Obs: Precipitação em mm, Po = f(ΔT) obtido no gráfico de precipitações. | L35: Obs: IDF é a intesindade de chuva em função do Δtc.
U36: Auxiliar - Não apagar
B37: Resultados | C37: Recorrência | E37: Qmáx | U37: {=IFERROR(_xlfn.LET( _xlpm.Q,E38, _xlpm.Tipos,[4]Base_Bueiros!$C$2:$C$10, _xlpm.Dims,[4]Base_Bueiros!$D$2:$D$10, _xlpm.Vazoes,[4]Base_Bueiros!$F$2:$F$10, _xlpm.Diam,VALUE(_xlpm.Dims), _xlpm.MenorDiam,_xlfn.AGGREGATE(15,6,_xlpm.Diam/(_xlpm.Vazoes>=_xlpm.Q),1), _xlpm.MenorVazao,_xlfn.AGGREGATE(15,6,_xlpm.Vazoes/((_xlpm.Vazoes>=_xlpm.Q)*(_xlpm.Diam=_xlpm.MenorDiam)),1), _xlpm.Linha,MATCH(_xlpm.MenorVazao,_xlpm.Vazoes,0), INDEX(_xlpm.Tipos,_xlpm.Linha)&" d="&INDEX(_xlpm.Dims,_xlpm.Linha)&"m" ),"Não atende em canal 15 anos. Dimensionar para 25 anos")} -> Não atende em canal 15 anos. Dimensionar para 25 anos | W37: =IF(U37="Não atende em canal 15 anos. Dimensionar para 25 anos",25,15) -> 25
C38: Q15 = | E38: 44.990923 | F38: m³/s | U38: {=IFERROR(_xlfn.LET( _xlpm.Q,E39, _xlpm.Tipos,[4]Base_Bueiros!$C$20:$C$28, _xlpm.Dims,[4]Base_Bueiros!$D$20:$D$28, _xlpm.Vazoes,[4]Base_Bueiros!$F$20:$F$28, _xlpm.Diam,VALUE(_xlpm.Dims), _xlpm.MenorDiam,_xlfn.AGGREGATE(15,6,_xlpm.Diam/(_xlpm.Vazoes>=_xlpm.Q),1), _xlpm.MenorVazao,_xlfn.AGGREGATE(15,6,_xlpm.Vazoes/((_xlpm.Vazoes>=_xlpm.Q)*(_xlpm.Diam=_xlpm.MenorDiam)),1), _xlpm.Linha,MATCH(_xlpm.MenorVazao,_xlpm.Vazoes,0), _xlpm.Tipo,TRIM(IFERROR(LEFT(INDEX(_xlpm.Tipos,_xlpm.Linha),FIND(" OU ",INDEX(_xlpm.Tipos,_xlpm.Linha))-1),INDEX(_xlpm.Tipos,_xlpm.Linha))), _xlpm.Tipo&" d="&INDEX(_xlpm.Dims,_xlpm.Linha)&"m" ),"Não atende em orifício 25 anos. Dimensionar para 50 anos")} -> Não atende em orifício 25 anos. Dimensionar para 50 anos | W38: =IF(U38="Não atende em orifício 25 anos. Dimensionar para 50 anos",50,25) -> 50
C39: Q25 = | E39: =MAX(O55:O157) -> 56.797831 | F39: m³/s
C40: Q50 = | E40: 73.480912 | F40: m³/s | I40: Obra Projetada
C41: Q100 = | E41: 91.215343 | F41: m³/s | I41: {=IFERROR(_xlfn.LET( _xlpm.Func,"Canal", _xlpm.Funcs,Base_Bueiros!$A$2:$A$37, _xlpm.Tipos,Base_Bueiros!$C$2:$C$37, _xlpm.Dims,Base_Bueiros!$D$2:$D$37, _xlpm.Vazoes,Base_Bueiros!$F$2:$F$37, _xlpm.DimNum,IFERROR(VALUE(TRIM(LEFT(_xlpm.Dims,FIND("x",_xlpm.Dims)-1))),VALUE(_xlpm.Dims)), _xlpm.Linhas,IF(MID(_xlpm.Tipos,2,1)="T",3,IF(MID(_xlpm.Tipos,2,1)="D",2,1)), _xlpm.EhTubular,MID(_xlpm.Tipos,3,1)="T", _xlpm.QNec,IF(ISNUMBER(FIND("Orif",_xlpm.Func)),IF(_xlpm.EhTubular,E39,E40),IF(_xlpm.EhTubular,E38,E39)), _xlpm.FiltroBase,(ISNUMBER(FIND(_xlpm.Func,_xlpm.Funcs)))*(_xlpm.Vazoes>=_xlpm.QNec), _xlpm.TemTubular,SUM(_xlpm.FiltroBase*_xlpm.EhTubular)>0, _xlpm.Filtro,_xlpm.FiltroBase*IF(_xlpm.TemTubular,_xlpm.EhTubular,NOT(_xlpm.EhTubular)), _xlpm.Prior1,IF(_xlpm.EhTubular,_xlpm.DimNum,_xlpm.Linhas), _xlpm.Prior2,IF(_xlpm.EhTubular,_xlpm.Linhas,_xlpm.DimNum), _xlpm.MenorPrior1,_xlfn.AGGREGATE(15,6,_xlpm.Prior1/_xlpm.Filtro,1), _xlpm.MenorPrior2,_xlfn.AGGREGATE(15,6,_xlpm.Prior2/(_xlpm.Filtro*(_xlpm.Prior1=_xlpm.MenorPrior1)),1), _xlpm.MenorVazao,_xlfn.AGGREGATE(15,6,_xlpm.Vazoes/(_xlpm.Filtro*(_xlpm.Prior1=_xlpm.MenorPrior1)*(_xlpm.Prior2=_xlpm.MenorPrior2)),1), _xlpm.Linha,MATCH(1,(_xlpm.Vazoes=_xlpm.MenorVazao)*(_xlpm.Filtro>0),0), _xlpm.Tipo,INDEX(_xlpm.Tipos,_xlpm.Linha), _xlpm.Dim,INDEX(_xlpm.Dims,_xlpm.Linha), _xlpm.EhTubularEscolhido,MID(_xlpm.Tipo,3,1)="T", _xlpm.Tipo&" "&IF(_xlpm.EhTubularEscolhido,_xlpm.Dim&"m",SUBSTITUTE(_xlpm.Dim,"0,00","")&"m") ),"Ponte")} -> BTCC 3,00 x 3,00m
I42: *Condição de funcionamento: canal
I44: Obra Projetada
I45: {=IFERROR(_xlfn.LET( _xlpm.Func,"Orif", _xlpm.Funcs,Base_Bueiros!$A$2:$A$37, _xlpm.Tipos,Base_Bueiros!$C$2:$C$37, _xlpm.Dims,Base_Bueiros!$D$2:$D$37, _xlpm.Vazoes,Base_Bueiros!$F$2:$F$37, _xlpm.DimNum,IFERROR(VALUE(TRIM(LEFT(_xlpm.Dims,FIND("x",_xlpm.Dims)-1))),VALUE(_xlpm.Dims)), _xlpm.Linhas,IF(MID(_xlpm.Tipos,2,1)="T",3,IF(MID(_xlpm.Tipos,2,1)="D",2,1)), _xlpm.EhTubular,MID(_xlpm.Tipos,3,1)="T", _xlpm.QNec,IF(ISNUMBER(FIND("Orif",_xlpm.Func)),IF(_xlpm.EhTubular,E39,E40),IF(_xlpm.EhTubular,E38,E39)), _xlpm.FiltroBase,(ISNUMBER(FIND(_xlpm.Func,_xlpm.Funcs)))*(_xlpm.Vazoes>=_xlpm.QNec), _xlpm.TemTubular,SUM(_xlpm.FiltroBase*_xlpm.EhTubular)>0, _xlpm.Filtro,_xlpm.FiltroBase*IF(_xlpm.TemTubular,_xlpm.EhTubular,NOT(_xlpm.EhTubular)), _xlpm.Prior1,IF(_xlpm.EhTubular,_xlpm.DimNum,_xlpm.Linhas), _xlpm.Prior2,IF(_xlpm.EhTubular,_xlpm.Linhas,_xlpm.DimNum), _xlpm.MenorPrior1,_xlfn.AGGREGATE(15,6,_xlpm.Prior1/_xlpm.Filtro,1), _xlpm.MenorPrior2,_xlfn.AGGREGATE(15,6,_xlpm.Prior2/(_xlpm.Filtro*(_xlpm.Prior1=_xlpm.MenorPrior1)),1), _xlpm.MenorVazao,_xlfn.AGGREGATE(15,6,_xlpm.Vazoes/(_xlpm.Filtro*(_xlpm.Prior1=_xlpm.MenorPrior1)*(_xlpm.Prior2=_xlpm.MenorPrior2)),1), _xlpm.Linha,MATCH(1,(_xlpm.Vazoes=_xlpm.MenorVazao)*(_xlpm.Filtro>0),0), _xlpm.Tipo,INDEX(_xlpm.Tipos,_xlpm.Linha), _xlpm.Dim,INDEX(_xlpm.Dims,_xlpm.Linha), _xlpm.EhTubularEscolhido,MID(_xlpm.Tipo,3,1)="T", _xlpm.Tipo&" "&IF(_xlpm.EhTubularEscolhido,_xlpm.Dim&"m",SUBSTITUTE(_xlpm.Dim,"0,00","")&"m") ),"Ponte")} -> BDCC 3,00 x 3,00m
I46: *Condição de funcionamento: orifício
I48: OBRA EXISTENTE
I49: ='Apresentação - Est. Hid.'!AK24 -> Ponte existente 12,00x3,80m
D52: t/tr | E52: Q/qp | F52: t | G52: HU | H52: D Pe | O52: Qp
H53: =Q29 -> 0.67965948 | I53: =Q30 -> 0.7936734 | J53: =Q31 -> 0.81261522 | K53: =Q32 -> 0.64665203
D54: 0 | E54: =IF(F54<=$Q$9,F54/$Q$9,IF(F54<=$Q$10,($Q$10-F54)/$Q$11,0)) -> 0 | F54: =D54*$Q$8 -> 0 | G54: =E54*$Q$12 -> 0 | H54: =$G54*H$53 -> 0 | O54: =SUM(H54:N54) -> 0
D55: 0.2 | E55: =IF(F55<=$Q$9,F55/$Q$9,IF(F55<=$Q$10,($Q$10-F55)/$Q$11,0)) -> 0.073170732 | F55: =D55*$Q$8 -> 0.1018753 | G55: =E55*$Q$12 -> 1.8832923 | H55: =$G55*H$53 -> 1.2799975 | O55: =SUM(H55:N55) -> 1.2799975
D56: 0.4 | E56: =IF(F56<=$Q$9,F56/$Q$9,IF(F56<=$Q$10,($Q$10-F56)/$Q$11,0)) -> 0.14634146 | F56: =D56*$Q$8 -> 0.20375059 | G56: =E56*$Q$12 -> 3.7665846 | H56: =$G56*H$53 -> 2.559995 | O56: =SUM(H56:N56) -> 2.559995
D57: 0.6 | E57: =IF(F57<=$Q$9,F57/$Q$9,IF(F57<=$Q$10,($Q$10-F57)/$Q$11,0)) -> 0.2195122 | F57: =D57*$Q$8 -> 0.30562589 | G57: =E57*$Q$12 -> 5.6498769 | H57: =$G57*H$53 -> 3.8399924 | O57: =SUM(H57:N57) -> 3.8399924
D58: 0.8 | E58: =IF(F58<=$Q$9,F58/$Q$9,IF(F58<=$Q$10,($Q$10-F58)/$Q$11,0)) -> 0.29268293 | F58: =D58*$Q$8 -> 0.40750118 | G58: =E58*$Q$12 -> 7.5331692 | H58: =$G58*H$53 -> 5.1199899 | O58: =SUM(H58:N58) -> 5.1199899
D59: 1 | E59: =IF(F59<=$Q$9,F59/$Q$9,IF(F59<=$Q$10,($Q$10-F59)/$Q$11,0)) -> 0.36585366 | F59: =D59*$Q$8 -> 0.50937648 | G59: =E59*$Q$12 -> 9.4164615 | H59: =$G59*H$53 -> 6.3999874 | I59: =$G54*I$53 -> 0 | O59: =SUM(H59:N59) -> 6.3999874
D60: 1.2 | E60: =IF(F60<=$Q$9,F60/$Q$9,IF(F60<=$Q$10,($Q$10-F60)/$Q$11,0)) -> 0.43902439 | F60: =D60*$Q$8 -> 0.61125178 | G60: =E60*$Q$12 -> 11.299754 | H60: =$G60*H$53 -> 7.6799849 | I60: =$G55*I$53 -> 1.494719 | O60: =SUM(H60:N60) -> 9.1747039
D61: 1.4 | E61: =IF(F61<=$Q$9,F61/$Q$9,IF(F61<=$Q$10,($Q$10-F61)/$Q$11,0)) -> 0.51219512 | F61: =D61*$Q$8 -> 0.71312707 | G61: =E61*$Q$12 -> 13.183046 | H61: =$G61*H$53 -> 8.9599823 | I61: =$G56*I$53 -> 2.989438 | O61: =SUM(H61:N61) -> 11.94942
D62: 1.6 | E62: =IF(F62<=$Q$9,F62/$Q$9,IF(F62<=$Q$10,($Q$10-F62)/$Q$11,0)) -> 0.58536585 | F62: =D62*$Q$8 -> 0.81500237 | G62: =E62*$Q$12 -> 15.066338 | H62: =$G62*H$53 -> 10.23998 | I62: =$G57*I$53 -> 4.484157 | O62: =SUM(H62:N62) -> 14.724137
D63: 1.8 | E63: =IF(F63<=$Q$9,F63/$Q$9,IF(F63<=$Q$10,($Q$10-F63)/$Q$11,0)) -> 0.65853659 | F63: =D63*$Q$8 -> 0.91687766 | G63: =E63*$Q$12 -> 16.949631 | H63: =$G63*H$53 -> 11.519977 | I63: =$G58*I$53 -> 5.978876 | O63: =SUM(H63:N63) -> 17.498853
D64: 2 | E64: =IF(F64<=$Q$9,F64/$Q$9,IF(F64<=$Q$10,($Q$10-F64)/$Q$11,0)) -> 0.73170732 | F64: =D64*$Q$8 -> 1.018753 | G64: =E64*$Q$12 -> 18.832923 | H64: =$G64*H$53 -> 12.799975 | I64: =$G59*I$53 -> 7.473595 | J64: =$G54*J$53 -> 0 | O64: =SUM(H64:N64) -> 20.27357
D65: 2.2 | E65: =IF(F65<=$Q$9,F65/$Q$9,IF(F65<=$Q$10,($Q$10-F65)/$Q$11,0)) -> 0.80487805 | F65: =D65*$Q$8 -> 1.1206283 | G65: =E65*$Q$12 -> 20.716215 | H65: =$G65*H$53 -> 14.079972 | I65: =$G60*I$53 -> 8.9683141 | J65: =$G55*J$53 -> 1.530392 | O65: =SUM(H65:N65) -> 24.578678
D66: 2.4 | E66: =IF(F66<=$Q$9,F66/$Q$9,IF(F66<=$Q$10,($Q$10-F66)/$Q$11,0)) -> 0.87804878 | F66: =D66*$Q$8 -> 1.2225036 | G66: =E66*$Q$12 -> 22.599508 | H66: =$G66*H$53 -> 15.35997 | I66: =$G61*I$53 -> 10.463033 | J66: =$G56*J$53 -> 3.060784 | O66: =SUM(H66:N66) -> 28.883787
D67: 2.6 | E67: =IF(F67<=$Q$9,F67/$Q$9,IF(F67<=$Q$10,($Q$10-F67)/$Q$11,0)) -> 0.95121951 | F67: =D67*$Q$8 -> 1.3243788 | G67: =E67*$Q$12 -> 24.4828 | H67: =$G67*H$53 -> 16.639967 | I67: =$G62*I$53 -> 11.957752 | J67: =$G57*J$53 -> 4.591176 | O67: =SUM(H67:N67) -> 33.188895
D68: 2.8 | E68: =IF(F68<=$Q$9,F68/$Q$9,IF(F68<=$Q$10,($Q$10-F68)/$Q$11,0)) -> 0.98539506 | F68: =D68*$Q$8 -> 1.4262541 | G68: =E68*$Q$12 -> 25.362422 | H68: =$G68*H$53 -> 17.23781 | I68: =$G63*I$53 -> 13.452471 | J68: =$G58*J$53 -> 6.121568 | O68: =SUM(H68:N68) -> 36.811849
D69: 3 | E69: =IF(F69<=$Q$9,F69/$Q$9,IF(F69<=$Q$10,($Q$10-F69)/$Q$11,0)) -> 0.94158025 | F69: =D69*$Q$8 -> 1.5281294 | G69: =E69*$Q$12 -> 24.234702 | H69: =$G69*H$53 -> 16.471345 | I69: =$G64*I$53 -> 14.94719 | J69: =$G59*J$53 -> 7.65196 | K69: =$G54*K$53 -> 0 | O69: =SUM(H69:N69) -> 39.070495
D70: 3.2 | E70: =IF(F70<=$Q$9,F70/$Q$9,IF(F70<=$Q$10,($Q$10-F70)/$Q$11,0)) -> 0.89776544 | F70: =D70*$Q$8 -> 1.6300047 | G70: =E70*$Q$12 -> 23.106982 | H70: =$G70*H$53 -> 15.704879 | I70: =$G65*I$53 -> 16.441909 | J70: =$G60*J$53 -> 9.182352 | K70: =$G55*K$53 -> 1.2178348 | O70: =SUM(H70:N70) -> 42.546975
D71: 3.4 | E71: =IF(F71<=$Q$9,F71/$Q$9,IF(F71<=$Q$10,($Q$10-F71)/$Q$11,0)) -> 0.85395064 | F71: =D71*$Q$8 -> 1.73188 | G71: =E71*$Q$12 -> 21.979262 | H71: =$G71*H$53 -> 14.938414 | I71: =$G66*I$53 -> 17.936628 | J71: =$G61*J$53 -> 10.712744 | K71: =$G56*K$53 -> 2.4356696 | O71: =SUM(H71:N71) -> 46.023455
D72: 3.6 | E72: =IF(F72<=$Q$9,F72/$Q$9,IF(F72<=$Q$10,($Q$10-F72)/$Q$11,0)) -> 0.81013583 | F72: =D72*$Q$8 -> 1.8337553 | G72: =E72*$Q$12 -> 20.851542 | H72: =$G72*H$53 -> 14.171948 | I72: =$G67*I$53 -> 19.431347 | J72: =$G62*J$53 -> 12.243136 | K72: =$G57*K$53 -> 3.6535044 | O72: =SUM(H72:N72) -> 49.499936
D73: 3.8 | E73: =IF(F73<=$Q$9,F73/$Q$9,IF(F73<=$Q$10,($Q$10-F73)/$Q$11,0)) -> 0.76632102 | F73: =D73*$Q$8 -> 1.9356306 | G73: =E73*$Q$12 -> 19.723822 | H73: =$G73*H$53 -> 13.405483 | I73: =$G68*I$53 -> 20.129479 | J73: =$G63*J$53 -> 13.773528 | K73: =$G58*K$53 -> 4.8713392 | O73: =SUM(H73:N73) -> 52.179829
D74: 4 | E74: =IF(F74<=$Q$9,F74/$Q$9,IF(F74<=$Q$10,($Q$10-F74)/$Q$11,0)) -> 0.72250621 | F74: =D74*$Q$8 -> 2.0375059 | G74: =E74*$Q$12 -> 18.596102 | H74: =$G74*H$53 -> 12.639017 | I74: =$G69*I$53 -> 19.234438 | J74: =$G64*J$53 -> 15.30392 | K74: =$G59*K$53 -> 6.089174 | O74: =SUM(H74:N74) -> 53.266549
D75: 4.2 | E75: =IF(F75<=$Q$9,F75/$Q$9,IF(F75<=$Q$10,($Q$10-F75)/$Q$11,0)) -> 0.6786914 | F75: =D75*$Q$8 -> 2.1393812 | G75: =E75*$Q$12 -> 17.468382 | H75: =$G75*H$53 -> 11.872551 | I75: =$G70*I$53 -> 18.339397 | J75: =$G65*J$53 -> 16.834312 | K75: =$G60*K$53 -> 7.3070088 | O75: =SUM(H75:N75) -> 54.353269
D76: 4.4 | E76: =IF(F76<=$Q$9,F76/$Q$9,IF(F76<=$Q$10,($Q$10-F76)/$Q$11,0)) -> 0.63487659 | F76: =D76*$Q$8 -> 2.2412565 | G76: =E76*$Q$12 -> 16.340662 | H76: =$G76*H$53 -> 11.106086 | I76: =$G71*I$53 -> 17.444355 | J76: =$G66*J$53 -> 18.364704 | K76: =$G61*K$53 -> 8.5248436 | O76: =SUM(H76:N76) -> 55.439989
D77: 4.6 | E77: =IF(F77<=$Q$9,F77/$Q$9,IF(F77<=$Q$10,($Q$10-F77)/$Q$11,0)) -> 0.59106178 | F77: =D77*$Q$8 -> 2.3431318 | G77: =E77*$Q$12 -> 15.212942 | H77: =$G77*H$53 -> 10.33962 | I77: =$G72*I$53 -> 16.549314 | J77: =$G67*J$53 -> 19.895096 | K77: =$G62*K$53 -> 9.7426784 | O77: =SUM(H77:N77) -> 56.526709
D78: 4.8 | E78: =IF(F78<=$Q$9,F78/$Q$9,IF(F78<=$Q$10,($Q$10-F78)/$Q$11,0)) -> 0.54724697 | F78: =D78*$Q$8 -> 2.4450071 | G78: =E78*$Q$12 -> 14.085222 | H78: =$G78*H$53 -> 9.5731548 | I78: =$G73*I$53 -> 15.654273 | J78: =$G68*J$53 -> 20.60989 | K78: =$G63*K$53 -> 10.960513 | O78: =SUM(H78:N78) -> 56.797831
D79: 5 | E79: =IF(F79<=$Q$9,F79/$Q$9,IF(F79<=$Q$10,($Q$10-F79)/$Q$11,0)) -> 0.50343216 | F79: =D79*$Q$8 -> 2.5468824 | G79: =E79*$Q$12 -> 12.957502 | H79: =$G79*H$53 -> 8.8066892 | I79: =$G74*I$53 -> 14.759231 | J79: =$G69*J$53 -> 19.693487 | K79: =$G64*K$53 -> 12.178348 | O79: =SUM(H79:N79) -> 55.437756
D80: 5.2 | E80: =IF(F80<=$Q$9,F80/$Q$9,IF(F80<=$Q$10,($Q$10-F80)/$Q$11,0)) -> 0.45961735 | F80: =D80*$Q$8 -> 2.6487577 | G80: =E80*$Q$12 -> 11.829782 | H80: =$G80*H$53 -> 8.0402237 | I80: =$G75*I$53 -> 13.86419 | J80: =$G70*J$53 -> 18.777085 | K80: =$G65*K$53 -> 13.396183 | O80: =SUM(H80:N80) -> 54.077682
... D156: 20.4 | E156: =IF(F156<=$Q$9,F156/$Q$9,IF(F156<=$Q$10,($Q$10-F156)/$Q$11,0)) -> 0 | F156: =D156*$Q$8 -> 10.39128 | G156: =E156*$Q$12 -> 0 | H156: =$G156*H$53 -> 0 | I156: =$G151*I$53 -> 0 | J156: =$G146*J$53 -> 0 | K156: =$G141*K$53 -> 0 | O156: =SUM(H156:N156) -> 0
T160: tempo (h) | U160: Q (m³/s)
T161: 0 | U161: 0
T162: =Q9 -> 1.3922957 | U162: =E39 -> 56.797831
T163: =Q10 -> 3.7174296 | U163: 0

Sheet PERFIL BC06 (HUT)
B2: Ponto | C2: Cota (m) | D2: Distância (m) | E2: Distância Acumulada (Km) | F2: DHn (m) | G2: DLn (km) | H2: Sn (m/km)
B3: C | C3: 1222 | D3: 0 | E3: =D3/1000 -> 0 | F3: 0 | G3: 0 | H3: 0 | J3: Validação por macro
B4: 1 | C4: 1141 | D4: 750 | E4: =D4/1000 -> 0.75 | F4: =C3-C4 -> 81 | G4: =E4-E3 -> 0.75 | H4: =F4/G4 -> 108 | J4: Sef (m/km) | K4: =(((E16/((G4/SQRT(H4))+(G5/SQRT(H5))+(G6/SQRT(H6))+(G7/SQRT(H7))+(G8/SQRT(H8))+(G9/SQRT(H9))+(G10/SQRT(H10))+(G11/SQRT(H11))+(G12/SQRT(H12))+(G13/SQRT(H13))+(G14/SQRT(H14))+(G15/SQRT(H15))+(G16/SQRT(H16))))^2)/1000)*1000 -> 33.974951
B5: 2 | C5: 1009 | D5: =D4+750 -> 1500 | E5: =D5/1000 -> 1.5 | F5: =C4-C5 -> 132 | G5: =E5-E4 -> 0.75 | H5: =F5/G5 -> 176 | J5: Sef (m/m) | K5: =((E16/((G4/SQRT(H4))+(G5/SQRT(H5))+(G6/SQRT(H6))+(G7/SQRT(H7))+(G8/SQRT(H8))+(G9/SQRT(H9))+(G10/SQRT(H10))+(G11/SQRT(H11))+(G12/SQRT(H12))+(G13/SQRT(H13))+(G14/SQRT(H14))+(G15/SQRT(H15))+(G16/SQRT(H16))))^2)/1000 -> 0.033974951
B6: 3 | C6: 923 | D6: =D5+750 -> 2250 | E6: =D6/1000 -> 2.25 | F6: =C5-C6 -> 86 | G6: =E6-E5 -> 0.75 | H6: =F6/G6 -> 114.66667 | J6: Sef (%) | K6: =(((E16/((G4/SQRT(H4))+(G5/SQRT(H5))+(G6/SQRT(H6))+(G7/SQRT(H7))+(G8/SQRT(H8))+(G9/SQRT(H9))+(G10/SQRT(H10))+(G11/SQRT(H11))+(G12/SQRT(H12))+(G13/SQRT(H13))+(G14/SQRT(H14))+(G15/SQRT(H15))+(G16/SQRT(H16))))^2)/1000)*100 -> 3.3974951
B7: 4 | C7: 820 | D7: =D6+750 -> 3000 | E7: =D7/1000 -> 3 | F7: =C6-C7 -> 103 | G7: =E7-E6 -> 0.75 | H7: =F7/G7 -> 137.33333
B8: 5 | C8: 764 | D8: =D7+750 -> 3750 | E8: =D8/1000 -> 3.75 | F8: =C7-C8 -> 56 | G8: =E8-E7 -> 0.75 | H8: =F8/G8 -> 74.666667
B9: 6 | C9: 738 | D9: =D8+750 -> 4500 | E9: =D9/1000 -> 4.5 | F9: =C8-C9 -> 26 | G9: =E9-E8 -> 0.75 | H9: =F9/G9 -> 34.666667
B10: 7 | C10: 716 | D10: =D9+750 -> 5250 | E10: =D10/1000 -> 5.25 | F10: =C9-C10 -> 22 | G10: =E10-E9 -> 0.75 | H10: =F10/G10 -> 29.333333
B11: 8 | C11: 691 | D11: =D10+750 -> 6000 | E11: =D11/1000 -> 6 | F11: =C10-C11 -> 25 | G11: =E11-E10 -> 0.75 | H11: =F11/G11 -> 33.333333
B12: 9 | C12: 676 | D12: =D11+750 -> 6750 | E12: =D12/1000 -> 6.75 | F12: =C11-C12 -> 15 | G12: =E12-E11 -> 0.75 | H12: =F12/G12 -> 20
B13: 10 | C13: 668 | D13: =D12+750 -> 7500 | E13: =D13/1000 -> 7.5 | F13: =C12-C13 -> 8 | G13: =E13-E12 -> 0.75 | H13: =F13/G13 -> 10.666667
B14: 11 | C14: 653 | D14: =D13+750 -> 8250 | E14: =D14/1000 -> 8.25 | F14: =C13-C14 -> 15 | G14: =E14-E13 -> 0.75 | H14: =F14/G14 -> 20
B15: 12 | C15: 645 | D15: =D14+750 -> 9000 | E15: =D15/1000 -> 9 | F15: =C14-C15 -> 8 | G15: =E15-E14 -> 0.75 | H15: =F15/G15 -> 10.666667
B16: E | C16: 639 | D16: ='BC06 (HUT)'!E8*1000 -> 9217.2491 | E16: =D16/1000 -> 9.2172491 | F16: =C15-C16 -> 6 | G16: =E16-E15 -> 0.21724907 | H16: =F16/G16 -> 27.61807
B18: DHn = Cota¹-Cota²
B19: DLn = Lacum²-Lacum¹
B21: Sef = | C21: =((E16/((G4/(SQRT(H4)))+(G5/(SQRT(H5)))+(G6/(SQRT(H6)))+(G7/(SQRT(H7)))+(G8/(SQRT(H8)))+(G9/(SQRT(H9)))+(G10/(SQRT(H10)))+(G11/(SQRT(H11)))+(G12/(SQRT(H12)))+(G13/(SQRT(H13)))+(G14/(SQRT(H14)))+(G15/(SQRT(H15)))+(G16/(SQRT(H16))))))^2 -> 33.974951 | D21: (m/km) | E21: m/km
B22: Sef = | C22: =C21/1000 -> 0.033974951 | D22: (m/m) | E22: m/m
B23: Sef = | C23: =C22*100 -> 3.3974951 | D23: (%) | E23: %
P27: ="Perfil Longitudinal - "&'BC06 (HUT)'!E6 -> Perfil Longitudinal - Córrego Palmeira

Sheet BC07 (RAC-MOD)
A1: ESTUDOS HIDROLÓGICOS
A2: Método Racional Modificado
B3: Estaca: | E3: 496 | F3: + | G3: 14.93 | Q3: UTILIZAR TABELA QUADRO DE CHUVAS ISOZONAS DADOS PLUVIOMÉTRICOS
B4: VIA : | E4: GO-116 | F4: GROTA | K4: TEMPO DE RECORRÊNCIA : | N4: 15 | O4: anos
B5: CURSO D'ÁGUA : | E5: Córrego Barreiro | K5: TEMPO DE RECORRÊNCIA : | N5: 25 | O5: anos | Q5: DECLIVIDADE EFETIVA (%): | R5: ='PERFIL BC07'!C18 -> 3.6580517
B6: ÁREA DE CONTRIBUIÇÃO (km²) : | E6: =VLOOKUP(F10,'AUX BACIAS'!$A$2:$D$10,3,0) -> 7.6303088 | K6: TEMPO DE RECORRÊNCIA : | N6: 50 | O6: anos | Q6: DECLIVIDADE MÉDIA (%): | R6: =100*(E8/(E7*1000)) -> 8.4176061
B7: COMP. DO TALVEGUE (km) : | E7: =(VLOOKUP(F10,'AUX BACIAS'!$A$2:$D$10,4,0)/1000) -> 5.0370615 | K7: TEMPO DE RECORRÊNCIA : | N7: 100 | O7: anos
B8: DESNÍVEL (m) : | E8: =(INDEX('PERFIL BC07'!$C:$C,MATCH("C",'PERFIL BC07'!$B:$B,0))-INDEX('PERFIL BC07'!$C:$C,MATCH("E",'PERFIL BC07'!$B:$B,0))) -> 424 | K8: COEFICIENTE C: | O8: =H23 -> 0.35
B9: DECLIVIDADE DA BACIA (%) : | E9: =IF(R5>R6,R6,R5) -> 3.6580517 | K9: TEMPO DE CONCENTRAÇÃO Tc (h) : | O9: =IF(E6<=0.8,0.39*(E7^2/E9)^0.385,0.59*(E7^2/E9)^0.385) -> 1.2435903
E10: Nº Bacia: | F10: {=MID(RIGHT(CELL("nome.arquivo",A1),LEN(CELL("nome.arquivo",A1)) - SEARCH("]",CELL("nome.arquivo",A1))),1,4)} -> BC07 | K10: COEFICIENTE DE RETARDO (φ): | O10: =MAX(0.5,MIN(1,4.38/(E6^0.2*E7))) -> 0.5791465
B11: Tipo de Relevo | C11: Ondulado
B12: Orografia | C12: B | J12: CHUVA DE PROJETO | Q12: Auxiliar - Não apagar
B13: * Classificação de orografia segundo a IP 03 – Goinfra – Estudos hidrológicos | J13: TR | K13: D tc (min) | L13: Po (mm) | N13: I (mm/min) | Q13: {=IFERROR(_xlfn.LET( _xlpm.Q,M20, _xlpm.Tipos,[3]Base_Bueiros!$C$2:$C$10, _xlpm.Dims,[3]Base_Bueiros!$D$2:$D$10, _xlpm.Vazoes,[3]Base_Bueiros!$F$2:$F$10, _xlpm.Diam,VALUE(_xlpm.Dims), _xlpm.MenorDiam,_xlfn.AGGREGATE(15,6,_xlpm.Diam/(_xlpm.Vazoes>=_xlpm.Q),1), _xlpm.MenorVazao,_xlfn.AGGREGATE(15,6,_xlpm.Vazoes/((_xlpm.Vazoes>=_xlpm.Q)*(_xlpm.Diam=_xlpm.MenorDiam)),1), _xlpm.Linha,MATCH(_xlpm.MenorVazao,_xlpm.Vazoes,0), INDEX(_xlpm.Tipos,_xlpm.Linha)&" d="&INDEX(_xlpm.Dims,_xlpm.Linha)&"m" ),"Não atende em canal 15 anos. Dimensionar para 25 anos")} -> Não atende em canal 15 anos. Dimensionar para 25 anos | S13: =IF(Q13="Não atende em canal 15 anos. Dimensionar para 25 anos",25,15) -> 25 | X13: ax | Y13: + | Z13: b | AB13: ='BC01 (RAC)'!AB13 -> ax (1-24h) | AC13: Método para C
J14: 15 anos | K14: =$O$9*60 -> 74.615415 | L14: =IF($O$9<=1,(X14*LN((K14/60)))+Z14,(AB14*LN((K14/60)))+Z14) -> 88.653029 | N14: =L14/K14 -> 1.1881329 | Q14: {=IFERROR(_xlfn.LET( _xlpm.Q,M21, _xlpm.Tipos,[3]Base_Bueiros!$C$20:$C$28, _xlpm.Dims,[3]Base_Bueiros!$D$20:$D$28, _xlpm.Vazoes,[3]Base_Bueiros!$F$20:$F$28, _xlpm.Diam,VALUE(_xlpm.Dims), _xlpm.MenorDiam,_xlfn.AGGREGATE(15,6,_xlpm.Diam/(_xlpm.Vazoes>=_xlpm.Q),1), _xlpm.MenorVazao,_xlfn.AGGREGATE(15,6,_xlpm.Vazoes/((_xlpm.Vazoes>=_xlpm.Q)*(_xlpm.Diam=_xlpm.MenorDiam)),1), _xlpm.Linha,MATCH(_xlpm.MenorVazao,_xlpm.Vazoes,0), _xlpm.Tipo,TRIM(IFERROR(LEFT(INDEX(_xlpm.Tipos,_xlpm.Linha),FIND(" OU ",INDEX(_xlpm.Tipos,_xlpm.Linha))-1),INDEX(_xlpm.Tipos,_xlpm.Linha))), _xlpm.Tipo&" d="&INDEX(_xlpm.Dims,_xlpm.Linha)&"m" ),"Não atende em orifício 25 anos. Dimensionar para 50 anos")} -> Não atende em orifício 25 anos. Dimensionar para 50 anos | S14: =IF(Q14="Não atende em orifício 25 anos. Dimensionar para 50 anos",50,25) -> 50 | X14: ='BC01 (RAC)'!X14 -> 26.41506 | Z14: ='BC01 (RAC)'!Z14 -> 83.379769 | AB14: ='BC01 (RAC)'!AB14 -> 24.188986 | AC14: =IF(C11="Plano","Tabelado",IF(C11="Ondulado","Tabelado",IF(C11="Montanhoso","Tabelado","Ponderado"))) -> Tabelado
J15: 25 anos | K15: =$O$9*60 -> 74.615415 | L15: =IF($O$9<=1,(X15*LN((K15/60)))+Z15,(AB15*LN((K15/60)))+Z15) -> 97.717354 | N15: =L15/K15 -> 1.3096135 | X15: ='BC01 (RAC)'!X15 -> 29.043207 | Z15: ='BC01 (RAC)'!Z15 -> 91.924418 | AB15: ='BC01 (RAC)'!AB15 -> 26.572791
J16: 50 anos | K16: =$O$9*60 -> 74.615415 | L16: =IF($O$9<=1,(X16*LN((K16/60)))+Z16,(AB16*LN((K16/60)))+Z16) -> 109.53805 | N16: =L16/K16 -> 1.4680351 | X16: ='BC01 (RAC)'!X16 -> 32.43716 | Z16: ='BC01 (RAC)'!Z16 -> 103.04595 | AB16: ='BC01 (RAC)'!AB16 -> 29.779923
J17: 100 anos | K17: =$O$9*60 -> 74.615415 | L17: =IF($O$9<=1,(X17*LN((K17/60)))+Z17,(AB17*LN((K17/60)))+Z17) -> 121.05077 | N17: =L17/K17 -> 1.6223293 | X17: ='BC01 (RAC)'!X17 -> 37.177213 | Z17: ='BC01 (RAC)'!Z17 -> 113.85574 | AB17: ='BC01 (RAC)'!AB17 -> 33.004345
B18: COMPOSIÇÃO DE ÁREA "C"
D19: m² | E19: km² | F19: C | G19: % | J19: Resultados | K19: Recorrência | M19: Qmáx
B20: Área total | D20: =E20*10^6 -> 7630308.8 | E20: =E6 -> 7.6303088 | F20: - | G20: - | H20: - | K20: Q15 = | M20: =0.278*$O$8*(N14*60)*$E$6*$O$10 -> 30.652059 | N20: m³/s
B21: Culturas e pastagens terraceadas | D21: =$D$20*G21 -> 5605987.9 | E21: =D21/10^6 -> 5.6059879 | F21: {=_xlfn.LET( _xlpm.superficie,B21, _xlpm.oro,$C$12, _xlpm.terreno,$C$11, _xlpm.metodo,$AC$14, _xlpm.linInicial,MATCH(_xlpm.superficie,C_CN_IP03!$B$4:$B$19,0), _xlpm.lin,_xlpm.linInicial+MATCH(_xlpm.oro,INDEX(C_CN_IP03!$C$4:$C$19,_xlpm.linInicial):INDEX(C_CN_IP03!$C$4:$C$19,_xlpm.linInicial+3),0)-1, IF( _xlpm.metodo="Tabelado", _xlfn.LET( _xlpm.col,MATCH(_xlpm.terreno,C_CN_IP03!$D$2:$I$2,0), INDEX(C_CN_IP03!$D$4:$I$19,_xlpm.lin,_xlpm.col) ), IF( _xlpm.metodo="Ponderado", IF( _xlpm.terreno="Levemente ondulado", AVERAGE( INDEX(C_CN_IP03!$D$4:$I$19,_xlpm.lin,1), INDEX(C_CN_IP03!$D$4:$I$19,_xlpm.lin,3) ), IF( _xlpm.terreno="Muito ondulado", AVERAGE( INDEX(C_CN_IP03!$D$4:$I$19,_xlpm.lin,3), INDEX(C_CN_IP03!$D$4:$I$19,_xlpm.lin,5) ), "Condição de terreno não reconhecida" ) ), "Método não reconhecido" ) ) )} -> 0.35 | G21: 0.7347 | H21: =(G21*(F21)) -> 0.257145 | K21: Q25 = | M21: =0.278*$O$8*(N15*60)*$E$6*$O$10 -> 33.786078 | N21: m³/s
B22: Cerrados, pastagens e matas ralas | D22: =$D$20*G22 -> 2024320.9 | E22: =D22*(10^-6) -> 2.0243209 | F22: {=_xlfn.LET( _xlpm.superficie,B22, _xlpm.oro,$C$12, _xlpm.terreno,$C$11, _xlpm.metodo,$AC$14, _xlpm.linInicial,MATCH(_xlpm.superficie,C_CN_IP03!$B$4:$B$19,0), _xlpm.lin,_xlpm.linInicial+MATCH(_xlpm.oro,INDEX(C_CN_IP03!$C$4:$C$19,_xlpm.linInicial):INDEX(C_CN_IP03!$C$4:$C$19,_xlpm.linInicial+3),0)-1, IF( _xlpm.metodo="Tabelado", _xlfn.LET( _xlpm.col,MATCH(_xlpm.terreno,C_CN_IP03!$D$2:$I$2,0), INDEX(C_CN_IP03!$D$4:$I$19,_xlpm.lin,_xlpm.col) ), IF( _xlpm.metodo="Ponderado", IF( _xlpm.terreno="Levemente ondulado", AVERAGE( INDEX(C_CN_IP03!$D$4:$I$19,_xlpm.lin,1), INDEX(C_CN_IP03!$D$4:$I$19,_xlpm.lin,3) ), IF( _xlpm.terreno="Muito ondulado", AVERAGE( INDEX(C_CN_IP03!$D$4:$I$19,_xlpm.lin,3), INDEX(C_CN_IP03!$D$4:$I$19,_xlpm.lin,5) ), "Condição de terreno não reconhecida" ) ), "Método não reconhecido" ) ) )} -> 0.35 | G22: 0.2653 | H22: =(G22*(F22)) -> 0.092855 | K22: Q50 = | M22: =0.278*$O$8*(N16*60)*$E$6*$O$10 -> 37.873118 | N22: m³/s
B23: C adotado | H23: =SUM(H21:H22) -> 0.35 | K23: Q100 = | M23: =0.278*$O$8*(N17*60)*$E$6*$O$10 -> 41.853679 | N23: m³/s
B24: * Tabela de coeficientes de C e CN - IP 03 – Goinfra – Estudos hidrológicos
J25: OBRA PROJETADA
J26: {=IFERROR(_xlfn.LET( _xlpm.Func,"Orif", _xlpm.Funcs,Base_Bueiros!$A$2:$A$37, _xlpm.Tipos,Base_Bueiros!$C$2:$C$37, _xlpm.Dims,Base_Bueiros!$D$2:$D$37, _xlpm.Vazoes,Base_Bueiros!$F$2:$F$37, _xlpm.DimNum,IFERROR(VALUE(TRIM(LEFT(_xlpm.Dims,FIND("x",_xlpm.Dims)-1))),VALUE(_xlpm.Dims)), _xlpm.Linhas,IF(MID(_xlpm.Tipos,2,1)="T",3,IF(MID(_xlpm.Tipos,2,1)="D",2,1)), _xlpm.EhTubular,MID(_xlpm.Tipos,3,1)="T", _xlpm.QNec,IF(ISNUMBER(FIND("Orif",_xlpm.Func)),IF(_xlpm.EhTubular,M21,M22),IF(_xlpm.EhTubular,M20,M21)), _xlpm.FiltroBase,(ISNUMBER(FIND(_xlpm.Func,_xlpm.Funcs)))*(_xlpm.Vazoes>=_xlpm.QNec), _xlpm.TemTubular,SUM(_xlpm.FiltroBase*_xlpm.EhTubular)>0, _xlpm.Filtro,_xlpm.FiltroBase*IF(_xlpm.TemTubular,_xlpm.EhTubular,NOT(_xlpm.EhTubular)), _xlpm.Prior1,IF(_xlpm.EhTubular,_xlpm.DimNum,_xlpm.Linhas), _xlpm.Prior2,IF(_xlpm.EhTubular,_xlpm.Linhas,_xlpm.DimNum), _xlpm.MenorPrior1,_xlfn.AGGREGATE(15,6,_xlpm.Prior1/_xlpm.Filtro,1), _xlpm.MenorPrior2,_xlfn.AGGREGATE(15,6,_xlpm.Prior2/(_xlpm.Filtro*(_xlpm.Prior1=_xlpm.MenorPrior1)),1), _xlpm.MenorVazao,_xlfn.AGGREGATE(15,6,_xlpm.Vazoes/(_xlpm.Filtro*(_xlpm.Prior1=_xlpm.MenorPrior1)*(_xlpm.Prior2=_xlpm.MenorPrior2)),1), _xlpm.Linha,MATCH(1,(_xlpm.Vazoes=_xlpm.MenorVazao)*(_xlpm.Filtro>0),0), _xlpm.Tipo,INDEX(_xlpm.Tipos,_xlpm.Linha), _xlpm.Dim,INDEX(_xlpm.Dims,_xlpm.Linha), _xlpm.EhTubularEscolhido,MID(_xlpm.Tipo,3,1)="T", _xlpm.Tipo&" "&IF(_xlpm.EhTubularEscolhido,_xlpm.Dim&"m",SUBSTITUTE(_xlpm.Dim,"0,00","")&"m") ),"Ponte")} -> BSCC 3,00 x 3,00m
J27: *Condição de funcionamento: orifício
J28: *Carga hidráulica: h=1,2*H
J30: OBRA PROJETADA
J31: {=IFERROR(_xlfn.LET( _xlpm.Func,"Canal", _xlpm.Funcs,Base_Bueiros!$A$2:$A$37, _xlpm.Tipos,Base_Bueiros!$C$2:$C$37, _xlpm.Dims,Base_Bueiros!$D$2:$D$37, _xlpm.Vazoes,Base_Bueiros!$F$2:$F$37, _xlpm.DimNum,IFERROR(VALUE(TRIM(LEFT(_xlpm.Dims,FIND("x",_xlpm.Dims)-1))),VALUE(_xlpm.Dims)), _xlpm.Linhas,IF(MID(_xlpm.Tipos,2,1)="T",3,IF(MID(_xlpm.Tipos,2,1)="D",2,1)), _xlpm.EhTubular,MID(_xlpm.Tipos,3,1)="T", _xlpm.QNec,IF(ISNUMBER(FIND("Orif",_xlpm.Func)),IF(_xlpm.EhTubular,M21,M22),IF(_xlpm.EhTubular,M20,M21)), _xlpm.FiltroBase,(ISNUMBER(FIND(_xlpm.Func,_xlpm.Funcs)))*(_xlpm.Vazoes>=_xlpm.QNec), _xlpm.TemTubular,SUM(_xlpm.FiltroBase*_xlpm.EhTubular)>0, _xlpm.Filtro,_xlpm.FiltroBase*IF(_xlpm.TemTubular,_xlpm.EhTubular,NOT(_xlpm.EhTubular)), _xlpm.Prior1,IF(_xlpm.EhTubular,_xlpm.DimNum,_xlpm.Linhas), _xlpm.Prior2,IF(_xlpm.EhTubular,_xlpm.Linhas,_xlpm.DimNum), _xlpm.MenorPrior1,_xlfn.AGGREGATE(15,6,_xlpm.Prior1/_xlpm.Filtro,1), _xlpm.MenorPrior2,_xlfn.AGGREGATE(15,6,_xlpm.Prior2/(_xlpm.Filtro*(_xlpm.Prior1=_xlpm.MenorPrior1)),1), _xlpm.MenorVazao,_xlfn.AGGREGATE(15,6,_xlpm.Vazoes/(_xlpm.Filtro*(_xlpm.Prior1=_xlpm.MenorPrior1)*(_xlpm.Prior2=_xlpm.MenorPrior2)),1), _xlpm.Linha,MATCH(1,(_xlpm.Vazoes=_xlpm.MenorVazao)*(_xlpm.Filtro>0),0), _xlpm.Tipo,INDEX(_xlpm.Tipos,_xlpm.Linha), _xlpm.Dim,INDEX(_xlpm.Dims,_xlpm.Linha), _xlpm.EhTubularEscolhido,MID(_xlpm.Tipo,3,1)="T", _xlpm.Tipo&" "&IF(_xlpm.EhTubularEscolhido,_xlpm.Dim&"m",SUBSTITUTE(_xlpm.Dim,"0,00","")&"m") ),"Ponte")} -> BDCC 3,00 x 3,00m
J32: *Condição de funcionamento: canal
J34: OBRA EXISTENTE
J35: ='Apresentação - Est. Hid.'!AK25 -> Ponte existente 15,00x3,50m

Sheet PERFIL BC07
B2: Ponto | C2: Cota (m) | D2: Distância (m) | E2: Distância Acumulada (Km) | F2: DHn (m) | G2: DLn (km) | H2: Sn (m/km)
B3: C | C3: 1047 | D3: 0 | E3: =D3/1000 -> 0 | F3: 0 | G3: 0 | H3: 0 | J3: Validação por macro
B4: 2 | C4: 867 | D4: 500 | E4: =D4/1000 -> 0.5 | F4: =C3-C4 -> 180 | G4: =E4-E3 -> 0.5 | H4: =F4/G4 -> 360 | J4: Sef (m/km) | K4: =(((E14/((G4/SQRT(H4))+(G5/SQRT(H5))+(G6/SQRT(H6))+(G7/SQRT(H7))+(G8/SQRT(H8))+(G9/SQRT(H9))+(G10/SQRT(H10))+(G11/SQRT(H11))+(G12/SQRT(H12))+(G13/SQRT(H13))+(G14/SQRT(H14))))^2)/1000)*1000 -> 36.580517
B5: 3 | C5: 798 | D5: =D4+500 -> 1000 | E5: =D5/1000 -> 1 | F5: =C4-C5 -> 69 | G5: =E5-E4 -> 0.5 | H5: =F5/G5 -> 138 | J5: Sef (m/m) | K5: =((E14/((G4/SQRT(H4))+(G5/SQRT(H5))+(G6/SQRT(H6))+(G7/SQRT(H7))+(G8/SQRT(H8))+(G9/SQRT(H9))+(G10/SQRT(H10))+(G11/SQRT(H11))+(G12/SQRT(H12))+(G13/SQRT(H13))+(G14/SQRT(H14))))^2)/1000 -> 0.036580517
B6: 4 | C6: 732 | D6: =D5+500 -> 1500 | E6: =D6/1000 -> 1.5 | F6: =C5-C6 -> 66 | G6: =E6-E5 -> 0.5 | H6: =F6/G6 -> 132 | J6: Sef (%) | K6: =(((E14/((G4/SQRT(H4))+(G5/SQRT(H5))+(G6/SQRT(H6))+(G7/SQRT(H7))+(G8/SQRT(H8))+(G9/SQRT(H9))+(G10/SQRT(H10))+(G11/SQRT(H11))+(G12/SQRT(H12))+(G13/SQRT(H13))+(G14/SQRT(H14))))^2)/1000)*100 -> 3.6580517
B7: 5 | C7: 699 | D7: =D6+500 -> 2000 | E7: =D7/1000 -> 2 | F7: =C6-C7 -> 33 | G7: =E7-E6 -> 0.5 | H7: =F7/G7 -> 66
B8: 6 | C8: 675 | D8: =D7+500 -> 2500 | E8: =D8/1000 -> 2.5 | F8: =C7-C8 -> 24 | G8: =E8-E7 -> 0.5 | H8: =F8/G8 -> 48
B9: 7 | C9: 658 | D9: =D8+500 -> 3000 | E9: =D9/1000 -> 3 | F9: =C8-C9 -> 17 | G9: =E9-E8 -> 0.5 | H9: =F9/G9 -> 34
B10: 8 | C10: 647 | D10: =D9+500 -> 3500 | E10: =D10/1000 -> 3.5 | F10: =C9-C10 -> 11 | G10: =E10-E9 -> 0.5 | H10: =F10/G10 -> 22
B11: 9 | C11: 639 | D11: =D10+500 -> 4000 | E11: =D11/1000 -> 4 | F11: =C10-C11 -> 8 | G11: =E11-E10 -> 0.5 | H11: =F11/G11 -> 16
B12: 10 | C12: 633 | D12: =D11+500 -> 4500 | E12: =D12/1000 -> 4.5 | F12: =C11-C12 -> 6 | G12: =E12-E11 -> 0.5 | H12: =F12/G12 -> 12
B13: 11 | C13: 624 | D13: =D12+500 -> 5000 | E13: =D13/1000 -> 5 | F13: =C12-C13 -> 9 | G13: =E13-E12 -> 0.5 | H13: =F13/G13 -> 18
B14: E | C14: 623 | D14: ='BC07 (RAC-MOD)'!E7*1000 -> 5037.0615 | E14: =D14/1000 -> 5.0370615 | F14: =C13-C14 -> 1 | G14: =E14-E13 -> 0.037061519 | H14: =F14/G14 -> 26.982164
B16: Sef = | C16: =(((E14/((G4/SQRT(H4))+(G5/SQRT(H5))+(G6/SQRT(H6))+(G7/SQRT(H7))+(G8/SQRT(H8))+(G9/SQRT(H9))+(G10/SQRT(H10))+(G11/SQRT(H11))+(G12/SQRT(H12))+(G13/SQRT(H13))+(G14/SQRT(H14))))^2)/1000)*1000 -> 36.580517 | D16: (m/km) | E16: m/km
B17: Sef = | C17: =C16/1000 -> 0.036580517 | D17: (m/m) | E17: m/m
B18: Sef = | C18: =C17*100 -> 3.6580517 | D18: (%) | E18: %
B34: ="Perfil Longitudinal - "&'BC07 (RAC-MOD)'!E5 -> Perfil Longitudinal - Córrego Barreiro

Sheet BC08 (RAC-MOD)
A1: ESTUDOS HIDROLÓGICOS
A2: Método Racional Modificado
B3: Estaca: | E3: 542 | F3: + | G3: 6.47 | Q3: UTILIZAR TABELA QUADRO DE CHUVAS ISOZONAS DADOS PLUVIOMÉTRICOS
B4: VIA : | E4: GO-116 | F4: GROTA | K4: TEMPO DE RECORRÊNCIA : | N4: 15 | O4: anos
B5: CURSO D'ÁGUA : | E5: Córrego Fundo | K5: TEMPO DE RECORRÊNCIA : | N5: 25 | O5: anos | Q5: DECLIVIDADE EFETIVA (%): | R5: ='PERFIL BC08'!C17 -> 2.9048783
B6: ÁREA DE CONTRIBUIÇÃO (km²) : | E6: =VLOOKUP(F10,'AUX BACIAS'!$A$2:$D$10,3,0) -> 6.3304018 | K6: TEMPO DE RECORRÊNCIA : | N6: 50 | O6: anos | Q6: DECLIVIDADE MÉDIA (%): | R6: =100*(E8/(E7*1000)) -> 8.1031007
B7: COMP. DO TALVEGUE (km) : | E7: =(VLOOKUP(F10,'AUX BACIAS'!$A$2:$D$10,4,0)/1000) -> 4.5538124 | K7: TEMPO DE RECORRÊNCIA : | N7: 100 | O7: anos
B8: DESNÍVEL (m) : | E8: =(INDEX('PERFIL BC08'!$C:$C,MATCH("C",'PERFIL BC08'!$B:$B,0))-INDEX('PERFIL BC08'!$C:$C,MATCH("E",'PERFIL BC08'!$B:$B,0))) -> 369 | K8: COEFICIENTE C: | O8: =H23 -> 0.2
B9: DECLIVIDADE DA BACIA (%) : | E9: =IF(R5>R6,R6,R5) -> 2.9048783 | K9: TEMPO DE CONCENTRAÇÃO Tc (h) : | O9: =IF(E6<=0.8,0.39*(E7^2/E9)^0.385,0.59*(E7^2/E9)^0.385) -> 1.257467
E10: Nº Bacia: | F10: {=MID(RIGHT(CELL("nome.arquivo",A1),LEN(CELL("nome.arquivo",A1)) - SEARCH("]",CELL("nome.arquivo",A1))),1,4)} -> BC08 | K10: COEFICIENTE DE RETARDO (φ): | O10: =MAX(0.5,MIN(1,4.38/(E6^0.2*E7))) -> 0.66498634
B11: Tipo de Relevo | C11: Plano
B12: Orografia | C12: B | J12: CHUVA DE PROJETO | Q12: Auxiliar - Não apagar
B13: * Classificação de orografia segundo a IP 03 – Goinfra – Estudos hidrológicos | J13: TR | K13: D tc (min) | L13: Po (mm) | N13: I (mm/min) | Q13: {=IFERROR(_xlfn.LET( _xlpm.Q,M20, _xlpm.Tipos,[3]Base_Bueiros!$C$2:$C$10, _xlpm.Dims,[3]Base_Bueiros!$D$2:$D$10, _xlpm.Vazoes,[3]Base_Bueiros!$F$2:$F$10, _xlpm.Diam,VALUE(_xlpm.Dims), _xlpm.MenorDiam,_xlfn.AGGREGATE(15,6,_xlpm.Diam/(_xlpm.Vazoes>=_xlpm.Q),1), _xlpm.MenorVazao,_xlfn.AGGREGATE(15,6,_xlpm.Vazoes/((_xlpm.Vazoes>=_xlpm.Q)*(_xlpm.Diam=_xlpm.MenorDiam)),1), _xlpm.Linha,MATCH(_xlpm.MenorVazao,_xlpm.Vazoes,0), INDEX(_xlpm.Tipos,_xlpm.Linha)&" d="&INDEX(_xlpm.Dims,_xlpm.Linha)&"m" ),"Não atende em canal 15 anos. Dimensionar para 25 anos")} -> Não atende em canal 15 anos. Dimensionar para 25 anos | S13: =IF(Q13="Não atende em canal 15 anos. Dimensionar para 25 anos",25,15) -> 25 | X13: ax | Y13: + | Z13: b | AB13: ='BC01 (RAC)'!AB13 -> ax (1-24h) | AC13: Método para C
J14: 15 anos | K14: =$O$9*60 -> 75.448021 | L14: =IF($O$9<=1,(X14*LN((K14/60)))+Z14,(AB14*LN((K14/60)))+Z14) -> 88.921451 | N14: =L14/K14 -> 1.178579 | Q14: {=IFERROR(_xlfn.LET( _xlpm.Q,M21, _xlpm.Tipos,[3]Base_Bueiros!$C$20:$C$28, _xlpm.Dims,[3]Base_Bueiros!$D$20:$D$28, _xlpm.Vazoes,[3]Base_Bueiros!$F$20:$F$28, _xlpm.Diam,VALUE(_xlpm.Dims), _xlpm.MenorDiam,_xlfn.AGGREGATE(15,6,_xlpm.Diam/(_xlpm.Vazoes>=_xlpm.Q),1), _xlpm.MenorVazao,_xlfn.AGGREGATE(15,6,_xlpm.Vazoes/((_xlpm.Vazoes>=_xlpm.Q)*(_xlpm.Diam=_xlpm.MenorDiam)),1), _xlpm.Linha,MATCH(_xlpm.MenorVazao,_xlpm.Vazoes,0), _xlpm.Tipo,TRIM(IFERROR(LEFT(INDEX(_xlpm.Tipos,_xlpm.Linha),FIND(" OU ",INDEX(_xlpm.Tipos,_xlpm.Linha))-1),INDEX(_xlpm.Tipos,_xlpm.Linha))), _xlpm.Tipo&" d="&INDEX(_xlpm.Dims,_xlpm.Linha)&"m" ),"Não atende em orifício 25 anos. Dimensionar para 50 anos")} -> BTTC d=1,50m | S14: =IF(Q14="Não atende em orifício 25 anos. Dimensionar para 50 anos",50,25) -> 25 | X14: ='BC01 (RAC)'!X14 -> 26.41506 | Z14: ='BC01 (RAC)'!Z14 -> 83.379769 | AB14: ='BC01 (RAC)'!AB14 -> 24.188986 | AC14: =IF(C11="Plano","Tabelado",IF(C11="Ondulado","Tabelado",IF(C11="Montanhoso","Tabelado","Ponderado"))) -> Tabelado
J15: 25 anos | K15: =$O$9*60 -> 75.448021 | L15: =IF($O$9<=1,(X15*LN((K15/60)))+Z15,(AB15*LN((K15/60)))+Z15) -> 98.012228 | N15: =L15/K15 -> 1.2990696 | X15: ='BC01 (RAC)'!X15 -> 29.043207 | Z15: ='BC01 (RAC)'!Z15 -> 91.924418 | AB15: ='BC01 (RAC)'!AB15 -> 26.572791
J16: 50 anos | K16: =$O$9*60 -> 75.448021 | L16: =IF($O$9<=1,(X16*LN((K16/60)))+Z16,(AB16*LN((K16/60)))+Z16) -> 109.86851 | N16: =L16/K16 -> 1.4562146 | X16: ='BC01 (RAC)'!X16 -> 32.43716 | Z16: ='BC01 (RAC)'!Z16 -> 103.04595 | AB16: ='BC01 (RAC)'!AB16 -> 29.779923
J17: 100 anos | K17: =$O$9*60 -> 75.448021 | L17: =IF($O$9<=1,(X17*LN((K17/60)))+Z17,(AB17*LN((K17/60)))+Z17) -> 121.41702 | N17: =L17/K17 -> 1.6092803 | X17: ='BC01 (RAC)'!X17 -> 37.177213 | Z17: ='BC01 (RAC)'!Z17 -> 113.85574 | AB17: ='BC01 (RAC)'!AB17 -> 33.004345
B18: COMPOSIÇÃO DE ÁREA "C"
D19: m² | E19: km² | F19: C | G19: % | J19: Resultados | K19: Recorrência | M19: Qmáx
B20: Área total | D20: =E20*10^6 -> 6330401.8 | E20: =E6 -> 6.3304018 | F20: - | G20: - | H20: - | K20: Q15 = | M20: =0.278*$O$8*(N14*60)*$E$6*$O$10 -> 16.551171 | N20: m³/s
B21: Culturas e pastagens terraceadas | D21: =$D$20*G21 -> 4995953.1 | E21: =D21/10^6 -> 4.9959531 | F21: {=_xlfn.LET( _xlpm.superficie,B21, _xlpm.oro,$C$12, _xlpm.terreno,$C$11, _xlpm.metodo,$AC$14, _xlpm.linInicial,MATCH(_xlpm.superficie,C_CN_IP03!$B$4:$B$19,0), _xlpm.lin,_xlpm.linInicial+MATCH(_xlpm.oro,INDEX(C_CN_IP03!$C$4:$C$19,_xlpm.linInicial):INDEX(C_CN_IP03!$C$4:$C$19,_xlpm.linInicial+3),0)-1, IF( _xlpm.metodo="Tabelado", _xlfn.LET( _xlpm.col,MATCH(_xlpm.terreno,C_CN_IP03!$D$2:$I$2,0), INDEX(C_CN_IP03!$D$4:$I$19,_xlpm.lin,_xlpm.col) ), IF( _xlpm.metodo="Ponderado", IF( _xlpm.terreno="Levemente ondulado", AVERAGE( INDEX(C_CN_IP03!$D$4:$I$19,_xlpm.lin,1), INDEX(C_CN_IP03!$D$4:$I$19,_xlpm.lin,3) ), IF( _xlpm.terreno="Muito ondulado", AVERAGE( INDEX(C_CN_IP03!$D$4:$I$19,_xlpm.lin,3), INDEX(C_CN_IP03!$D$4:$I$19,_xlpm.lin,5) ), "Condição de terreno não reconhecida" ) ), "Método não reconhecido" ) ) )} -> 0.2 | G21: 0.7892 | H21: =(G21*(F21)) -> 0.15784 | K21: Q25 = | M21: =0.278*$O$8*(N15*60)*$E$6*$O$10 -> 18.24326 | N21: m³/s
B22: Cerrados, pastagens e matas ralas | D22: =$D$20*G22 -> 569736.16 | E22: =D22*(10^-6) -> 0.56973616 | F22: {=_xlfn.LET( _xlpm.superficie,B22, _xlpm.oro,$C$12, _xlpm.terreno,$C$11, _xlpm.metodo,$AC$14, _xlpm.linInicial,MATCH(_xlpm.superficie,C_CN_IP03!$B$4:$B$19,0), _xlpm.lin,_xlpm.linInicial+MATCH(_xlpm.oro,INDEX(C_CN_IP03!$C$4:$C$19,_xlpm.linInicial):INDEX(C_CN_IP03!$C$4:$C$19,_xlpm.linInicial+3),0)-1, IF( _xlpm.metodo="Tabelado", _xlfn.LET( _xlpm.col,MATCH(_xlpm.terreno,C_CN_IP03!$D$2:$I$2,0), INDEX(C_CN_IP03!$D$4:$I$19,_xlpm.lin,_xlpm.col) ), IF( _xlpm.metodo="Ponderado", IF( _xlpm.terreno="Levemente ondulado", AVERAGE( INDEX(C_CN_IP03!$D$4:$I$19,_xlpm.lin,1), INDEX(C_CN_IP03!$D$4:$I$19,_xlpm.lin,3) ), IF( _xlpm.terreno="Muito ondulado", AVERAGE( INDEX(C_CN_IP03!$D$4:$I$19,_xlpm.lin,3), INDEX(C_CN_IP03!$D$4:$I$19,_xlpm.lin,5) ), "Condição de terreno não reconhecida" ) ), "Método não reconhecido" ) ) )} -> 0.25 | G22: 0.09 | H22: =(G22*(F22)) -> 0.0225 | K22: Q50 = | M22: =0.278*$O$8*(N16*60)*$E$6*$O$10 -> 20.450099 | N22: m³/s
B23: C adotado | H23: =_xlfn.CEILING.MATH(SUM(H21:H22),0.05) -> 0.2 | K23: Q100 = | M23: =0.278*$O$8*(N17*60)*$E$6*$O$10 -> 22.599651 | N23: m³/s
B24: * Tabela de coeficientes de C e CN - IP 03 – Goinfra – Estudos hidrológicos
J25: OBRA PROJETADA
J26: {=IFERROR(_xlfn.LET( _xlpm.Func,"Orif", _xlpm.Funcs,Base_Bueiros!$A$2:$A$37, _xlpm.Tipos,Base_Bueiros!$C$2:$C$37, _xlpm.Dims,Base_Bueiros!$D$2:$D$37, _xlpm.Vazoes,Base_Bueiros!$F$2:$F$37, _xlpm.DimNum,IFERROR(VALUE(TRIM(LEFT(_xlpm.Dims,FIND("x",_xlpm.Dims)-1))),VALUE(_xlpm.Dims)), _xlpm.Linhas,IF(MID(_xlpm.Tipos,2,1)="T",3,IF(MID(_xlpm.Tipos,2,1)="D",2,1)), _xlpm.EhTubular,MID(_xlpm.Tipos,3,1)="T", _xlpm.QNec,IF(ISNUMBER(FIND("Orif",_xlpm.Func)),IF(_xlpm.EhTubular,M21,M22),IF(_xlpm.EhTubular,M20,M21)), _xlpm.FiltroBase,(ISNUMBER(FIND(_xlpm.Func,_xlpm.Funcs)))*(_xlpm.Vazoes>=_xlpm.QNec), _xlpm.TemTubular,SUM(_xlpm.FiltroBase*_xlpm.EhTubular)>0, _xlpm.Filtro,_xlpm.FiltroBase*IF(_xlpm.TemTubular,_xlpm.EhTubular,NOT(_xlpm.EhTubular)), _xlpm.Prior1,IF(_xlpm.EhTubular,_xlpm.DimNum,_xlpm.Linhas), _xlpm.Prior2,IF(_xlpm.EhTubular,_xlpm.Linhas,_xlpm.DimNum), _xlpm.MenorPrior1,_xlfn.AGGREGATE(15,6,_xlpm.Prior1/_xlpm.Filtro,1), _xlpm.MenorPrior2,_xlfn.AGGREGATE(15,6,_xlpm.Prior2/(_xlpm.Filtro*(_xlpm.Prior1=_xlpm.MenorPrior1)),1), _xlpm.MenorVazao,_xlfn.AGGREGATE(15,6,_xlpm.Vazoes/(_xlpm.Filtro*(_xlpm.Prior1=_xlpm.MenorPrior1)*(_xlpm.Prior2=_xlpm.MenorPrior2)),1), _xlpm.Linha,MATCH(1,(_xlpm.Vazoes=_xlpm.MenorVazao)*(_xlpm.Filtro>0),0), _xlpm.Tipo,INDEX(_xlpm.Tipos,_xlpm.Linha), _xlpm.Dim,INDEX(_xlpm.Dims,_xlpm.Linha), _xlpm.EhTubularEscolhido,MID(_xlpm.Tipo,3,1)="T", _xlpm.Tipo&" "&IF(_xlpm.EhTubularEscolhido,_xlpm.Dim&"m",SUBSTITUTE(_xlpm.Dim,"0,00","")&"m") ),"Ponte")} -> BTTC d= 1,50m
J27: *Condição de funcionamento: orifício
J28: *Carga hidráulica: h=1,2*H
J30: OBRA PROJETADA
J31: {=IFERROR(_xlfn.LET( _xlpm.Func,"Canal", _xlpm.Funcs,Base_Bueiros!$A$2:$A$37, _xlpm.Tipos,Base_Bueiros!$C$2:$C$37, _xlpm.Dims,Base_Bueiros!$D$2:$D$37, _xlpm.Vazoes,Base_Bueiros!$F$2:$F$37, _xlpm.DimNum,IFERROR(VALUE(TRIM(LEFT(_xlpm.Dims,FIND("x",_xlpm.Dims)-1))),VALUE(_xlpm.Dims)), _xlpm.Linhas,IF(MID(_xlpm.Tipos,2,1)="T",3,IF(MID(_xlpm.Tipos,2,1)="D",2,1)), _xlpm.EhTubular,MID(_xlpm.Tipos,3,1)="T", _xlpm.QNec,IF(ISNUMBER(FIND("Orif",_xlpm.Func)),IF(_xlpm.EhTubular,M21,M22),IF(_xlpm.EhTubular,M20,M21)), _xlpm.FiltroBase,(ISNUMBER(FIND(_xlpm.Func,_xlpm.Funcs)))*(_xlpm.Vazoes>=_xlpm.QNec), _xlpm.TemTubular,SUM(_xlpm.FiltroBase*_xlpm.EhTubular)>0, _xlpm.Filtro,_xlpm.FiltroBase*IF(_xlpm.TemTubular,_xlpm.EhTubular,NOT(_xlpm.EhTubular)), _xlpm.Prior1,IF(_xlpm.EhTubular,_xlpm.DimNum,_xlpm.Linhas), _xlpm.Prior2,IF(_xlpm.EhTubular,_xlpm.Linhas,_xlpm.DimNum), _xlpm.MenorPrior1,_xlfn.AGGREGATE(15,6,_xlpm.Prior1/_xlpm.Filtro,1), _xlpm.MenorPrior2,_xlfn.AGGREGATE(15,6,_xlpm.Prior2/(_xlpm.Filtro*(_xlpm.Prior1=_xlpm.MenorPrior1)),1), _xlpm.MenorVazao,_xlfn.AGGREGATE(15,6,_xlpm.Vazoes/(_xlpm.Filtro*(_xlpm.Prior1=_xlpm.MenorPrior1)*(_xlpm.Prior2=_xlpm.MenorPrior2)),1), _xlpm.Linha,MATCH(1,(_xlpm.Vazoes=_xlpm.MenorVazao)*(_xlpm.Filtro>0),0), _xlpm.Tipo,INDEX(_xlpm.Tipos,_xlpm.Linha), _xlpm.Dim,INDEX(_xlpm.Dims,_xlpm.Linha), _xlpm.EhTubularEscolhido,MID(_xlpm.Tipo,3,1)="T", _xlpm.Tipo&" "&IF(_xlpm.EhTubularEscolhido,_xlpm.Dim&"m",SUBSTITUTE(_xlpm.Dim,"0,00","")&"m") ),"Ponte")} -> BSCC 3,00 x 3,00m
J32: *Condição de funcionamento: canal
J34: OBRA EXISTENTE
J35: ='Apresentação - Est. Hid.'!AK26 -> Ponte existente 19,40x3,80m

Sheet PERFIL BC08
B2: Ponto | C2: Cota (m) | D2: Distância (m) | E2: Distância Acumulada (Km) | F2: DHn (m) | G2: DLn (km) | H2: Sn (m/km)
B3: C | C3: 996 | D3: 0 | E3: =D3/1000 -> 0 | F3: 0 | G3: 0 | H3: 0 | J3: Validação por macro
B4: 2 | C4: 845 | D4: 500 | E4: =D4/1000 -> 0.5 | F4: =C3-C4 -> 151 | G4: =E4-E3 -> 0.5 | H4: =F4/G4 -> 302 | J4: Sef (m/km) | K4: =(((E13/((G4/SQRT(H4))+(G5/SQRT(H5))+(G6/SQRT(H6))+(G7/SQRT(H7))+(G8/SQRT(H8))+(G9/SQRT(H9))+(G10/SQRT(H10))+(G11/SQRT(H11))+(G12/SQRT(H12))+(G13/SQRT(H13))))^2)/1000)*1000 -> 29.048783
B5: 3 | C5: 744 | D5: =D4+500 -> 1000 | E5: =D5/1000 -> 1 | F5: =C4-C5 -> 101 | G5: =E5-E4 -> 0.5 | H5: =F5/G5 -> 202 | J5: Sef (m/m) | K5: =((E13/((G4/SQRT(H4))+(G5/SQRT(H5))+(G6/SQRT(H6))+(G7/SQRT(H7))+(G8/SQRT(H8))+(G9/SQRT(H9))+(G10/SQRT(H10))+(G11/SQRT(H11))+(G12/SQRT(H12))+(G13/SQRT(H13))))^2)/1000 -> 0.029048783
B6: 4 | C6: 692 | D6: =D5+500 -> 1500 | E6: =D6/1000 -> 1.5 | F6: =C5-C6 -> 52 | G6: =E6-E5 -> 0.5 | H6: =F6/G6 -> 104 | J6: Sef (%) | K6: =(((E13/((G4/SQRT(H4))+(G5/SQRT(H5))+(G6/SQRT(H6))+(G7/SQRT(H7))+(G8/SQRT(H8))+(G9/SQRT(H9))+(G10/SQRT(H10))+(G11/SQRT(H11))+(G12/SQRT(H12))+(G13/SQRT(H13))))^2)/1000)*100 -> 2.9048783
B7: 5 | C7: 670 | D7: =D6+500 -> 2000 | E7: =D7/1000 -> 2 | F7: =C6-C7 -> 22 | G7: =E7-E6 -> 0.5 | H7: =F7/G7 -> 44
B8: 6 | C8: 658 | D8: =D7+500 -> 2500 | E8: =D8/1000 -> 2.5 | F8: =C7-C8 -> 12 | G8: =E8-E7 -> 0.5 | H8: =F8/G8 -> 24
B9: 7 | C9: 647 | D9: =D8+500 -> 3000 | E9: =D9/1000 -> 3 | F9: =C8-C9 -> 11 | G9: =E9-E8 -> 0.5 | H9: =F9/G9 -> 22
B10: 8 | C10: 643 | D10: =D9+500 -> 3500 | E10: =D10/1000 -> 3.5 | F10: =C9-C10 -> 4 | G10: =E10-E9 -> 0.5 | H10: =F10/G10 -> 8
B11: 9 | C11: 636 | D11: =D10+500 -> 4000 | E11: =D11/1000 -> 4 | F11: =C10-C11 -> 7 | G11: =E11-E10 -> 0.5 | H11: =F11/G11 -> 14
B12: 10 | C12: 628 | D12: =D11+500 -> 4500 | E12: =D12/1000 -> 4.5 | F12: =C11-C12 -> 8 | G12: =E12-E11 -> 0.5 | H12: =F12/G12 -> 16
B13: E | C13: 627 | D13: ='BC08 (RAC-MOD)'!E7*1000 -> 4553.8124 | E13: =D13/1000 -> 4.5538124 | F13: =C12-C13 -> 1 | G13: =E13-E12 -> 0.053812359 | H13: =F13/G13 -> 18.583092
B15: Sef = | C15: =(((E13/((G4/SQRT(H4))+(G5/SQRT(H5))+(G6/SQRT(H6))+(G7/SQRT(H7))+(G8/SQRT(H8))+(G9/SQRT(H9))+(G10/SQRT(H10))+(G11/SQRT(H11))+(G12/SQRT(H12))+(G13/SQRT(H13))))^2)/1000)*1000 -> 29.048783 | D15: (m/km) | E15: m/km
B16: Sef = | C16: =C15/1000 -> 0.029048783 | D16: (m/m) | E16: m/m
B17: Sef = | C17: =C16*100 -> 2.9048783 | D17: (%) | E17: %
B33: ="Perfil Longitudinal - "&'BC08 (RAC-MOD)'!E5 -> Perfil Longitudinal - Córrego Fundo

Sheet BC09 (HUT)
A1: Tabela 6.21 – Bacia Hidrográfica 06
A2: ESTUDOS HIDROLÓGICOS
A3: Hidrograma Unitário
B4: ESTACA : | E4: 754 | F4: + | G4: 8.2
B5: VIA : | E5: GO-116 | F5: GROTA | M5: TEMPO DE RECORRÊNCIA : | P5: 25 | Q5: anos | T5: Método
B6: CURSO D'ÁGUA : | E6: Córrego Lavandeira | M6: CN: | N6: =H19 -> 53 | P6: S: | Q6: =254*((100/N6)-1) -> 225.24528 | T6: =IF(AND(E7>=10,E7<=20),"Hidrograma Sintético Triangular","Hidrograma Unitário Triangular") -> Hidrograma Sintético Triangular | AA6: DECLIVIDADE EFETIVA (%): | AC6: ='PERFIL BC09 (HUT)'!C22 -> 2.7646413
B7: ÁREA DE CONTRIBUIÇÃO (km2) : | E7: =VLOOKUP(F11,'AUX BACIAS'!$A$2:$D$10,3,0) -> 16.939487 | M7: TEMPO DE CONCENTRAÇÃO Tc (h) : | Q7: =IF(E7<0.8,0.39*(E8^2/E10)^0.385,0.59*(E8^2/E10)^0.385) -> 1.5507146 | AA7: DECLIVIDADE MÉDIA (%): | AC7: =100*(E9/(E8*1000)) -> 8.9840698
B8: COMP. DO TALVEGUE (km) : | E8: =(VLOOKUP(F11,'AUX BACIAS'!$A$2:$D$10,4,0)/1000) -> 5.8325459 | M8: TEMPO UNITÁRIO Tu (h) : | Q8: =Q7/4 -> 0.38767864 | T8: https://sobreasaguas.com/2023/02/15/como-calcular-chuva-efetiva-pelo-metodo-scs/
B9: DESNÍVEL (m) : | E9: =(INDEX('PERFIL BC09 (HUT)'!$C:$C,MATCH("C",'PERFIL BC09 (HUT)'!$B:$B,0))-INDEX('PERFIL BC09 (HUT)'!$C:$C,MATCH("E",'PERFIL BC09 (HUT)'!$B:$B,0))) -> 524 | M9: TEMPO DE PICO Tp (h) : | Q9: =Q8/2+0.6*Q7 -> 1.1242681
B10: DECLIVIDADE EFETIVA DO TALVEGUE (%) : | E10: =IF(AC6>AC7,AC7,AC6) -> 2.7646413 | M10: TEMPO DE BASE Tb (h) : | Q10: =2.67*Q9 -> 3.0017957
B11: Tipo de Relevo | C11: Plano | E11: Nº Bacia: | F11: {=MID(RIGHT(CELL("nome.arquivo",A1),LEN(CELL("nome.arquivo",A1)) - SEARCH("]",CELL("nome.arquivo",A1))),1,4)} -> BC09 | M11: TEMPO DE RETORNO Tr (h) : | Q11: =1.67*Q9 -> 1.8775277
B12: Orografia | C12: B | M12: m (Tp) | N12: (m3 /s/cm) : | Q12: =(2.08/Q9)*E7 -> 31.339619
AC13: Método para C
B14: COMPOSIÇÃO DE ÁREA "CN" | AC14: =IF(C11="Plano","Tabelado",IF(C11="Ondulado","Tabelado",IF(C11="Montanhoso","Tabelado","Ponderado"))) -> Tabelado
D15: m² | E15: km² | F15: CN | G15: %
B16: Área total | D16: =E7*10^6 -> 16939487 | E16: =E7 -> 16.939487 | F16: - | G16: - | H16: -
B17: Áreas Urbanizadas, Cerrados, pastagens | D17: =($D$16*G17) -> 13639675 | E17: =D17*(10^-6) -> 13.639675 | F17: {=_xlfn.LET( _xlpm.superficie,B17, _xlpm.oro,$C$12, _xlpm.terreno,$C$11, _xlpm.metodo,$AC$14, _xlpm.linInicial,MATCH(_xlpm.superficie,C_CN_IP03!$B$4:$B$19,0), _xlpm.lin,_xlpm.linInicial+MATCH(_xlpm.oro,INDEX(C_CN_IP03!$C$4:$C$19,_xlpm.linInicial):INDEX(C_CN_IP03!$C$4:$C$19,_xlpm.linInicial+3),0)-1, IF( _xlpm.metodo="Tabelado", _xlfn.LET( _xlpm.col,MATCH(_xlpm.terreno,C_CN_IP03!$D$2:$I$2,0)+1, INDEX(C_CN_IP03!$D$4:$I$19,_xlpm.lin,_xlpm.col) ), IF( _xlpm.metodo="Ponderado", IF( _xlpm.terreno="Levemente ondulado", AVERAGE( INDEX(C_CN_IP03!$D$4:$I$19,_xlpm.lin,2), INDEX(C_CN_IP03!$D$4:$I$19,_xlpm.lin,4) ), IF( _xlpm.terreno="Muito ondulado", AVERAGE( INDEX(C_CN_IP03!$D$4:$I$19,_xlpm.lin,4), INDEX(C_CN_IP03!$D$4:$I$19,_xlpm.lin,6) ), "Condição de terreno não reconhecida" ) ), "Método não reconhecido" ) ) )} -> 55 | G17: 0.8052 | H17: =(G17*(F17)) -> 44.286
B18: Culturas e pastagens terraceadas | D18: =($D$16*G18) -> 3299812 | E18: =D18*(10^-6) -> 3.299812 | F18: {=_xlfn.LET( _xlpm.superficie,B18, _xlpm.oro,$C$12, _xlpm.terreno,$C$11, _xlpm.metodo,$AC$14, _xlpm.linInicial,MATCH(_xlpm.superficie,C_CN_IP03!$B$4:$B$19,0), _xlpm.lin,_xlpm.linInicial+MATCH(_xlpm.oro,INDEX(C_CN_IP03!$C$4:$C$19,_xlpm.linInicial):INDEX(C_CN_IP03!$C$4:$C$19,_xlpm.linInicial+3),0)-1, IF( _xlpm.metodo="Tabelado", _xlfn.LET( _xlpm.col,MATCH(_xlpm.terreno,C_CN_IP03!$D$2:$I$2,0)+1, INDEX(C_CN_IP03!$D$4:$I$19,_xlpm.lin,_xlpm.col) ), IF( _xlpm.metodo="Ponderado", IF( _xlpm.terreno="Levemente ondulado", AVERAGE( INDEX(C_CN_IP03!$D$4:$I$19,_xlpm.lin,2), INDEX(C_CN_IP03!$D$4:$I$19,_xlpm.lin,4) ), IF( _xlpm.terreno="Muito ondulado", AVERAGE( INDEX(C_CN_IP03!$D$4:$I$19,_xlpm.lin,4), INDEX(C_CN_IP03!$D$4:$I$19,_xlpm.lin,6) ), "Condição de terreno não reconhecida" ) ), "Método não reconhecido" ) ) )} -> 40 | G18: 0.1948 | H18: =(G18*(F18)) -> 7.792 | T18: IP - 03 (GOINFRA)
B19: CN adotado | H19: =ROUNDUP(H17+H18,0) -> 53 | X19: HST
B21: Valores de Precipitação (mm)
B22: Duração da Chuva | D22: TEMPO DE RECORRÊNCIA
D23: 5 anos | E23: 10 anos | F23: 15 anos | G23: 20 anos | H23: 25 anos | I23: 50 anos | J23: 100 anos
B24: 6 min | C24: 6 | D24: ='[2]Ven Te Chow'!B10 -> 17.06149 | E24: ='[2]Ven Te Chow'!C10 -> 20.588595 | F24: ='[2]Ven Te Chow'!D10 -> 22.556846 | G24: ='[2]Ven Te Chow'!E10 -> 23.973986 | H24: ='[2]Ven Te Chow'!F10 -> 25.049963 | I24: ='[2]Ven Te Chow'!G10 -> 28.356624 | J24: ='[2]Ven Te Chow'!H10 -> 28.252045
B25: 1 h | C25: 60 | D25: ='[2]Ven Te Chow'!B9 -> 63.980588 | E25: ='[2]Ven Te Chow'!C9 -> 76.471925 | F25: ='[2]Ven Te Chow'!D9 -> 83.379769 | G25: ='[2]Ven Te Chow'!E9 -> 88.19002 | H25: ='[2]Ven Te Chow'!F9 -> 91.924418 | I25: ='[2]Ven Te Chow'!G9 -> 103.04595 | J25: ='[2]Ven Te Chow'!H9 -> 113.85574
B26: 24 h | C26: 1440 | D26: ='[2]Ven Te Chow'!B8 -> 152.33473 | E26: ='[2]Ven Te Chow'!C8 -> 183.82674 | F26: ='[2]Ven Te Chow'!D8 -> 201.40041 | G26: ='[2]Ven Te Chow'!E8 -> 214.05345 | H26: ='[2]Ven Te Chow'!F8 -> 223.66038 | I26: ='[2]Ven Te Chow'!G8 -> 253.18414 | J26: ='[2]Ven Te Chow'!H8 -> 282.52045 | W26: HUT
L27: IDF | M27: Tu | N27: Po | O27: Pm | P27: Pe | Q27: D Pe
B28: D tc (min) | C28: D tc (horas) | D28: Po (mm) - 5 Anos | E28: Po (mm) - 10 Anos | F28: Po (mm) - 15 Anos | G28: Po (mm) - 20 Anos | H28: Po (mm) - 25 Anos | I28: Po (mm) - 50 Anos | J28: Po (mm) - 100 Anos | L28: (h) | M28: (h) | N28: (mm) | O28: (mm) | P28: (cm) | Q28: (cm)
B29: =(Q7*60)/4 -> 23.260719 | C29: =B29/60 -> 0.38767864 | D29: =IF($C29<=$C$25/60,((D$25-D$24)/LN(($C$25/60)/($C$24/60)))*LN($C29/($C$25/60))+D$25,((D$26-D$25)/LN(($C$26/60)/($C$25/60)))*LN($C29/($C$25/60))+D$25) -> 44.67206 | E29: =IF($C29<=$C$25/60,((E$25-E$24)/LN(($C$25/60)/($C$24/60)))*LN($C29/($C$25/60))+E$25,((E$26-E$25)/LN(($C$26/60)/($C$25/60)))*LN($C29/($C$25/60))+E$25) -> 53.474363 | F29: =IF($C29<=$C$25/60,((F$25-F$24)/LN(($C$25/60)/($C$24/60)))*LN($C29/($C$25/60))+F$25,((F$26-F$25)/LN(($C$26/60)/($C$25/60)))*LN($C29/($C$25/60))+F$25) -> 58.349425 | G29: =IF($C29<=$C$25/60,((G$25-G$24)/LN(($C$25/60)/($C$24/60)))*LN($C29/($C$25/60))+G$25,((G$26-G$25)/LN(($C$26/60)/($C$25/60)))*LN($C29/($C$25/60))+G$25) -> 61.763316 | H29: =IF($C29<=$C$25/60,((H$25-H$24)/LN(($C$25/60)/($C$24/60)))*LN($C29/($C$25/60))+H$25,((H$26-H$25)/LN(($C$26/60)/($C$25/60)))*LN($C29/($C$25/60))+H$25) -> 64.403699 | I29: =IF($C29<=$C$25/60,((I$25-I$24)/LN(($C$25/60)/($C$24/60)))*LN($C29/($C$25/60))+I$25,((I$26-I$25)/LN(($C$26/60)/($C$25/60)))*LN($C29/($C$25/60))+I$25) -> 72.309189 | J29: =IF($C29<=$C$25/60,((J$25-J$24)/LN(($C$25/60)/($C$24/60)))*LN($C29/($C$25/60))+J$25,((J$26-J$25)/LN(($C$26/60)/($C$25/60)))*LN($C29/($C$25/60))+J$25) -> 78.627412 | L29: =N29/B29 -> 2.7687751 | M29: =Q8 -> 0.38767864 | N29: =(IF($P$5=15,(F29),IF($P$5=25,(H29),IF($P$5=50,(I29),IF($P$5=100,(J29)))))) -> 64.403699 | O29: =N29*(1-0.1*LOG(E$7/25)) -> 65.492377 | P29: =((O29-(5080/(ROUND($N$6,0)))+50.8)^2)/(O29+(20320/(ROUND($N$6,0)))-203.2)/10 -> 0.17010531 | Q29: =P29 -> 0.17010531
B30: =B29+$B$29 -> 46.521437 | C30: =B30/60 -> 0.77535729 | D30: =IF($C30<=$C$25/60,((D$25-D$24)/LN(($C$25/60)/($C$24/60)))*LN($C30/($C$25/60))+D$25,((D$26-D$25)/LN(($C$26/60)/($C$25/60)))*LN($C30/($C$25/60))+D$25) -> 58.796115 | E30: =IF($C30<=$C$25/60,((E$25-E$24)/LN(($C$25/60)/($C$24/60)))*LN($C30/($C$25/60))+E$25,((E$26-E$25)/LN(($C$26/60)/($C$25/60)))*LN($C30/($C$25/60))+E$25) -> 70.296921 | F30: =IF($C30<=$C$25/60,((F$25-F$24)/LN(($C$25/60)/($C$24/60)))*LN($C30/($C$25/60))+F$25,((F$26-F$25)/LN(($C$26/60)/($C$25/60)))*LN($C30/($C$25/60))+F$25) -> 76.658949 | G30: =IF($C30<=$C$25/60,((G$25-G$24)/LN(($C$25/60)/($C$24/60)))*LN($C30/($C$25/60))+G$25,((G$26-G$25)/LN(($C$26/60)/($C$25/60)))*LN($C30/($C$25/60))+G$25) -> 81.094268 | H30: =IF($C30<=$C$25/60,((H$25-H$24)/LN(($C$25/60)/($C$24/60)))*LN($C30/($C$25/60))+H$25,((H$26-H$25)/LN(($C$26/60)/($C$25/60)))*LN($C30/($C$25/60))+H$25) -> 84.534915 | I30: =IF($C30<=$C$25/60,((I$25-I$24)/LN(($C$25/60)/($C$24/60)))*LN($C30/($C$25/60))+I$25,((I$26-I$25)/LN(($C$26/60)/($C$25/60)))*LN($C30/($C$25/60))+I$25) -> 94.792915 | J30: =IF($C30<=$C$25/60,((J$25-J$24)/LN(($C$25/60)/($C$24/60)))*LN($C30/($C$25/60))+J$25,((J$26-J$25)/LN(($C$26/60)/($C$25/60)))*LN($C30/($C$25/60))+J$25) -> 104.39669 | L30: =N30/B30 -> 1.8171175 | M30: =Q$8+M29 -> 0.77535729 | N30: =(IF($P$5=15,(F30),IF($P$5=25,(H30),IF($P$5=50,(I30),IF($P$5=100,(J30)))))) -> 84.534915 | O30: =N30*(1-0.1*LOG(E$7/25)) -> 85.963892 | P30: =((O30-(5080/(ROUND($N$6,0)))+50.8)^2)/(O30+(20320/(ROUND($N$6,0)))-203.2)/10 -> 0.62895363 | Q30: =P30-P29 -> 0.45884832
B31: =B30+$B$29 -> 69.782156 | C31: =B31/60 -> 1.1630359 | D31: =IF($C31<=$C$25/60,((D$25-D$24)/LN(($C$25/60)/($C$24/60)))*LN($C31/($C$25/60))+D$25,((D$26-D$25)/LN(($C$26/60)/($C$25/60)))*LN($C31/($C$25/60))+D$25) -> 68.179528 | E31: =IF($C31<=$C$25/60,((E$25-E$24)/LN(($C$25/60)/($C$24/60)))*LN($C31/($C$25/60))+E$25,((E$26-E$25)/LN(($C$26/60)/($C$25/60)))*LN($C31/($C$25/60))+E$25) -> 81.573853 | F31: =IF($C31<=$C$25/60,((F$25-F$24)/LN(($C$25/60)/($C$24/60)))*LN($C31/($C$25/60))+F$25,((F$26-F$25)/LN(($C$26/60)/($C$25/60)))*LN($C31/($C$25/60))+F$25) -> 88.988579 | G31: =IF($C31<=$C$25/60,((G$25-G$24)/LN(($C$25/60)/($C$24/60)))*LN($C31/($C$25/60))+G$25,((G$26-G$25)/LN(($C$26/60)/($C$25/60)))*LN($C31/($C$25/60))+G$25) -> 94.171551 | H31: =IF($C31<=$C$25/60,((H$25-H$24)/LN(($C$25/60)/($C$24/60)))*LN($C31/($C$25/60))+H$25,((H$26-H$25)/LN(($C$26/60)/($C$25/60)))*LN($C31/($C$25/60))+H$25) -> 98.185035 | I31: =IF($C31<=$C$25/60,((I$25-I$24)/LN(($C$25/60)/($C$24/60)))*LN($C31/($C$25/60))+I$25,((I$26-I$25)/LN(($C$26/60)/($C$25/60)))*LN($C31/($C$25/60))+I$25) -> 110.18111 | J31: =IF($C31<=$C$25/60,((J$25-J$24)/LN(($C$25/60)/($C$24/60)))*LN($C31/($C$25/60))+J$25,((J$26-J$25)/LN(($C$26/60)/($C$25/60)))*LN($C31/($C$25/60))+J$25) -> 121.87136 | L31: =N31/B31 -> 1.4070221 | M31: =Q$8+M30 -> 1.1630359 | N31: =(IF($P$5=15,(F31),IF($P$5=25,(H31),IF($P$5=50,(I31),IF($P$5=100,(J31)))))) -> 98.185035 | O31: =N31*(1-0.1*LOG(E$7/25)) -> 99.844752 | P31: =((O31-(5080/(ROUND($N$6,0)))+50.8)^2)/(O31+(20320/(ROUND($N$6,0)))-203.2)/10 -> 1.0721889 | Q31: =P31-P30 -> 0.44323526
B32: =B31+$B$29 -> 93.042874 | C32: =B32/60 -> 1.5507146 | D32: =IF($C32<=$C$25/60,((D$25-D$24)/LN(($C$25/60)/($C$24/60)))*LN($C32/($C$25/60))+D$25,((D$26-D$25)/LN(($C$26/60)/($C$25/60)))*LN($C32/($C$25/60))+D$25) -> 76.177475 | E32: =IF($C32<=$C$25/60,((E$25-E$24)/LN(($C$25/60)/($C$24/60)))*LN($C32/($C$25/60))+E$25,((E$26-E$25)/LN(($C$26/60)/($C$25/60)))*LN($C32/($C$25/60))+E$25) -> 91.291767 | F32: =IF($C32<=$C$25/60,((F$25-F$24)/LN(($C$25/60)/($C$24/60)))*LN($C32/($C$25/60))+F$25,((F$26-F$25)/LN(($C$26/60)/($C$25/60)))*LN($C32/($C$25/60))+F$25) -> 99.671979 | G32: =IF($C32<=$C$25/60,((G$25-G$24)/LN(($C$25/60)/($C$24/60)))*LN($C32/($C$25/60))+G$25,((G$26-G$25)/LN(($C$26/60)/($C$25/60)))*LN($C32/($C$25/60))+G$25) -> 105.56489 | H32: =IF($C32<=$C$25/60,((H$25-H$24)/LN(($C$25/60)/($C$24/60)))*LN($C32/($C$25/60))+H$25,((H$26-H$25)/LN(($C$26/60)/($C$25/60)))*LN($C32/($C$25/60))+H$25) -> 110.10997 | I32: =IF($C32<=$C$25/60,((I$25-I$24)/LN(($C$25/60)/($C$24/60)))*LN($C32/($C$25/60))+I$25,((I$26-I$25)/LN(($C$26/60)/($C$25/60)))*LN($C32/($C$25/60))+I$25) -> 123.77184 | J32: =IF($C32<=$C$25/60,((J$25-J$24)/LN(($C$25/60)/($C$24/60)))*LN($C32/($C$25/60))+J$25,((J$26-J$25)/LN(($C$26/60)/($C$25/60)))*LN($C32/($C$25/60))+J$25) -> 137.13913 | L32: =N32/B32 -> 1.1834326 | M32: =Q$8+M31 -> 1.5507146 | N32: =(IF($P$5=15,(F32),IF($P$5=25,(H32),IF($P$5=50,(I32),IF($P$5=100,(J32)))))) -> 110.10997 | O32: =N32*(1-0.1*LOG(E$7/25)) -> 111.97126 | P32: =((O32-(5080/(ROUND($N$6,0)))+50.8)^2)/(O32+(20320/(ROUND($N$6,0)))-203.2)/10 -> 1.5328816 | Q32: =P32-P31 -> 0.46069272
B33: =B32+$B$29 -> 116.30359 | C33: =B33/60 -> 1.9383932 | D33: =IF($C33<=$C$25/60,((D$25-D$24)/LN(($C$25/60)/($C$24/60)))*LN($C33/($C$25/60))+D$25,((D$26-D$25)/LN(($C$26/60)/($C$25/60)))*LN($C33/($C$25/60))+D$25) -> 82.381164 | E33: =IF($C33<=$C$25/60,((E$25-E$24)/LN(($C$25/60)/($C$24/60)))*LN($C33/($C$25/60))+E$25,((E$26-E$25)/LN(($C$26/60)/($C$25/60)))*LN($C33/($C$25/60))+E$25) -> 98.829568 | F33: =IF($C33<=$C$25/60,((F$25-F$24)/LN(($C$25/60)/($C$24/60)))*LN($C33/($C$25/60))+F$25,((F$26-F$25)/LN(($C$26/60)/($C$25/60)))*LN($C33/($C$25/60))+F$25) -> 107.95867 | G33: =IF($C33<=$C$25/60,((G$25-G$24)/LN(($C$25/60)/($C$24/60)))*LN($C33/($C$25/60))+G$25,((G$26-G$25)/LN(($C$26/60)/($C$25/60)))*LN($C33/($C$25/60))+G$25) -> 114.40225 | H33: =IF($C33<=$C$25/60,((H$25-H$24)/LN(($C$25/60)/($C$24/60)))*LN($C33/($C$25/60))+H$25,((H$26-H$25)/LN(($C$26/60)/($C$25/60)))*LN($C33/($C$25/60))+H$25) -> 119.35966 | I33: =IF($C33<=$C$25/60,((I$25-I$24)/LN(($C$25/60)/($C$24/60)))*LN($C33/($C$25/60))+I$25,((I$26-I$25)/LN(($C$26/60)/($C$25/60)))*LN($C33/($C$25/60))+I$25) -> 134.31363 | J33: =IF($C33<=$C$25/60,((J$25-J$24)/LN(($C$25/60)/($C$24/60)))*LN($C33/($C$25/60))+J$25,((J$26-J$25)/LN(($C$26/60)/($C$25/60)))*LN($C33/($C$25/60))+J$25) -> 148.98174 | L33: =N33/B33 -> 1.0262767 | M33: =Q$8+M32 -> 1.9383932 | N33: =(IF($P$5=15,(F33),IF($P$5=25,(H33),IF($P$5=50,(I33),IF($P$5=100,(J33)))))) -> 119.35966 | O33: =N33*(1-0.1*LOG(E$7/25)) -> 121.37732 | P33: =((O33-(5080/(ROUND($N$6,0)))+50.8)^2)/(O33+(20320/(ROUND($N$6,0)))-203.2)/10 -> 1.9318681 | Q33: =P33-P32 -> 0.39898651
B34: =B33+$B$29 -> 139.56431 | C34: =B34/60 -> 2.3260719 | D34: =IF($C34<=$C$25/60,((D$25-D$24)/LN(($C$25/60)/($C$24/60)))*LN($C34/($C$25/60))+D$25,((D$26-D$25)/LN(($C$26/60)/($C$25/60)))*LN($C34/($C$25/60))+D$25) -> 87.449947 | E34: =IF($C34<=$C$25/60,((E$25-E$24)/LN(($C$25/60)/($C$24/60)))*LN($C34/($C$25/60))+E$25,((E$26-E$25)/LN(($C$26/60)/($C$25/60)))*LN($C34/($C$25/60))+E$25) -> 104.9884 | F34: =IF($C34<=$C$25/60,((F$25-F$24)/LN(($C$25/60)/($C$24/60)))*LN($C34/($C$25/60))+F$25,((F$26-F$25)/LN(($C$26/60)/($C$25/60)))*LN($C34/($C$25/60))+F$25) -> 114.72939 | G34: =IF($C34<=$C$25/60,((G$25-G$24)/LN(($C$25/60)/($C$24/60)))*LN($C34/($C$25/60))+G$25,((G$26-G$25)/LN(($C$26/60)/($C$25/60)))*LN($C34/($C$25/60))+G$25) -> 121.6229 | H34: =IF($C34<=$C$25/60,((H$25-H$24)/LN(($C$25/60)/($C$24/60)))*LN($C34/($C$25/60))+H$25,((H$26-H$25)/LN(($C$26/60)/($C$25/60)))*LN($C34/($C$25/60))+H$25) -> 126.91721 | I34: =IF($C34<=$C$25/60,((I$25-I$24)/LN(($C$25/60)/($C$24/60)))*LN($C34/($C$25/60))+I$25,((I$26-I$25)/LN(($C$26/60)/($C$25/60)))*LN($C34/($C$25/60))+I$25) -> 142.92689 | J34: =IF($C34<=$C$25/60,((J$25-J$24)/LN(($C$25/60)/($C$24/60)))*LN($C34/($C$25/60))+J$25,((J$26-J$25)/LN(($C$26/60)/($C$25/60)))*LN($C34/($C$25/60))+J$25) -> 158.65785 | L34: =N34/B34 -> 0.90938158 | M34: =Q$8+M33 -> 2.3260719 | N34: =(IF($P$5=15,(F34),IF($P$5=25,(H34),IF($P$5=50,(I34),IF($P$5=100,(J34)))))) -> 126.91721 | O34: =N34*(1-0.1*LOG(E$7/25)) -> 129.06262 | P34: =((O34-(5080/(ROUND($N$6,0)))+50.8)^2)/(O34+(20320/(ROUND($N$6,0)))-203.2)/10 -> 2.2823208 | Q34: =P34-P33 -> 0.35045263
B35: Obs: Precipitação em mm, Po = f(ΔT) obtido no gráfico de precipitações. | L35: Obs: IDF é a intesindade de chuva em função do Δtc.
U36: Auxiliar - Não apagar
B37: Resultados | C37: Recorrência | E37: Qmáx | U37: {=IFERROR(_xlfn.LET( _xlpm.Q,E38, _xlpm.Tipos,[4]Base_Bueiros!$C$2:$C$10, _xlpm.Dims,[4]Base_Bueiros!$D$2:$D$10, _xlpm.Vazoes,[4]Base_Bueiros!$F$2:$F$10, _xlpm.Diam,VALUE(_xlpm.Dims), _xlpm.MenorDiam,_xlfn.AGGREGATE(15,6,_xlpm.Diam/(_xlpm.Vazoes>=_xlpm.Q),1), _xlpm.MenorVazao,_xlfn.AGGREGATE(15,6,_xlpm.Vazoes/((_xlpm.Vazoes>=_xlpm.Q)*(_xlpm.Diam=_xlpm.MenorDiam)),1), _xlpm.Linha,MATCH(_xlpm.MenorVazao,_xlpm.Vazoes,0), INDEX(_xlpm.Tipos,_xlpm.Linha)&" d="&INDEX(_xlpm.Dims,_xlpm.Linha)&"m" ),"Não atende em canal 15 anos. Dimensionar para 25 anos")} -> Não atende em canal 15 anos. Dimensionar para 25 anos | W37: =IF(U37="Não atende em canal 15 anos. Dimensionar para 25 anos",25,15) -> 25
C38: Q15 = | E38: 27.999833 | F38: m³/s | U38: {=IFERROR(_xlfn.LET( _xlpm.Q,E39, _xlpm.Tipos,[4]Base_Bueiros!$C$20:$C$28, _xlpm.Dims,[4]Base_Bueiros!$D$20:$D$28, _xlpm.Vazoes,[4]Base_Bueiros!$F$20:$F$28, _xlpm.Diam,VALUE(_xlpm.Dims), _xlpm.MenorDiam,_xlfn.AGGREGATE(15,6,_xlpm.Diam/(_xlpm.Vazoes>=_xlpm.Q),1), _xlpm.MenorVazao,_xlfn.AGGREGATE(15,6,_xlpm.Vazoes/((_xlpm.Vazoes>=_xlpm.Q)*(_xlpm.Diam=_xlpm.MenorDiam)),1), _xlpm.Linha,MATCH(_xlpm.MenorVazao,_xlpm.Vazoes,0), _xlpm.Tipo,TRIM(IFERROR(LEFT(INDEX(_xlpm.Tipos,_xlpm.Linha),FIND(" OU ",INDEX(_xlpm.Tipos,_xlpm.Linha))-1),INDEX(_xlpm.Tipos,_xlpm.Linha))), _xlpm.Tipo&" d="&INDEX(_xlpm.Dims,_xlpm.Linha)&"m" ),"Não atende em orifício 25 anos. Dimensionar para 50 anos")} -> Não atende em orifício 25 anos. Dimensionar para 50 anos | W38: =IF(U38="Não atende em orifício 25 anos. Dimensionar para 50 anos",50,25) -> 50
C39: Q25 = | E39: =MAX(O55:O157) -> 37.694558 | F39: m³/s
C40: Q50 = | E40: 51.827877 | F40: m³/s | I40: Obra Projetada
C41: Q100 = | E41: 67.369949 | F41: m³/s | I41: {=IFERROR(_xlfn.LET( _xlpm.Func,"Canal", _xlpm.Funcs,Base_Bueiros!$A$2:$A$37, _xlpm.Tipos,Base_Bueiros!$C$2:$C$37, _xlpm.Dims,Base_Bueiros!$D$2:$D$37, _xlpm.Vazoes,Base_Bueiros!$F$2:$F$37, _xlpm.DimNum,IFERROR(VALUE(TRIM(LEFT(_xlpm.Dims,FIND("x",_xlpm.Dims)-1))),VALUE(_xlpm.Dims)), _xlpm.Linhas,IF(MID(_xlpm.Tipos,2,1)="T",3,IF(MID(_xlpm.Tipos,2,1)="D",2,1)), _xlpm.EhTubular,MID(_xlpm.Tipos,3,1)="T", _xlpm.QNec,IF(ISNUMBER(FIND("Orif",_xlpm.Func)),IF(_xlpm.EhTubular,E39,E40),IF(_xlpm.EhTubular,E38,E39)), _xlpm.FiltroBase,(ISNUMBER(FIND(_xlpm.Func,_xlpm.Funcs)))*(_xlpm.Vazoes>=_xlpm.QNec), _xlpm.TemTubular,SUM(_xlpm.FiltroBase*_xlpm.EhTubular)>0, _xlpm.Filtro,_xlpm.FiltroBase*IF(_xlpm.TemTubular,_xlpm.EhTubular,NOT(_xlpm.EhTubular)), _xlpm.Prior1,IF(_xlpm.EhTubular,_xlpm.DimNum,_xlpm.Linhas), _xlpm.Prior2,IF(_xlpm.EhTubular,_xlpm.Linhas,_xlpm.DimNum), _xlpm.MenorPrior1,_xlfn.AGGREGATE(15,6,_xlpm.Prior1/_xlpm.Filtro,1), _xlpm.MenorPrior2,_xlfn.AGGREGATE(15,6,_xlpm.Prior2/(_xlpm.Filtro*(_xlpm.Prior1=_xlpm.MenorPrior1)),1), _xlpm.MenorVazao,_xlfn.AGGREGATE(15,6,_xlpm.Vazoes/(_xlpm.Filtro*(_xlpm.Prior1=_xlpm.MenorPrior1)*(_xlpm.Prior2=_xlpm.MenorPrior2)),1), _xlpm.Linha,MATCH(1,(_xlpm.Vazoes=_xlpm.MenorVazao)*(_xlpm.Filtro>0),0), _xlpm.Tipo,INDEX(_xlpm.Tipos,_xlpm.Linha), _xlpm.Dim,INDEX(_xlpm.Dims,_xlpm.Linha), _xlpm.EhTubularEscolhido,MID(_xlpm.Tipo,3,1)="T", _xlpm.Tipo&" "&IF(_xlpm.EhTubularEscolhido,_xlpm.Dim&"m",SUBSTITUTE(_xlpm.Dim,"0,00","")&"m") ),"Ponte")} -> BDCC 3,00 x 3,00m
I42: *Condição de funcionamento: canal
I44: Obra Projetada
I45: {=IFERROR(_xlfn.LET( _xlpm.Func,"Orif", _xlpm.Funcs,Base_Bueiros!$A$2:$A$37, _xlpm.Tipos,Base_Bueiros!$C$2:$C$37, _xlpm.Dims,Base_Bueiros!$D$2:$D$37, _xlpm.Vazoes,Base_Bueiros!$F$2:$F$37, _xlpm.DimNum,IFERROR(VALUE(TRIM(LEFT(_xlpm.Dims,FIND("x",_xlpm.Dims)-1))),VALUE(_xlpm.Dims)), _xlpm.Linhas,IF(MID(_xlpm.Tipos,2,1)="T",3,IF(MID(_xlpm.Tipos,2,1)="D",2,1)), _xlpm.EhTubular,MID(_xlpm.Tipos,3,1)="T", _xlpm.QNec,IF(ISNUMBER(FIND("Orif",_xlpm.Func)),IF(_xlpm.EhTubular,E39,E40),IF(_xlpm.EhTubular,E38,E39)), _xlpm.FiltroBase,(ISNUMBER(FIND(_xlpm.Func,_xlpm.Funcs)))*(_xlpm.Vazoes>=_xlpm.QNec), _xlpm.TemTubular,SUM(_xlpm.FiltroBase*_xlpm.EhTubular)>0, _xlpm.Filtro,_xlpm.FiltroBase*IF(_xlpm.TemTubular,_xlpm.EhTubular,NOT(_xlpm.EhTubular)), _xlpm.Prior1,IF(_xlpm.EhTubular,_xlpm.DimNum,_xlpm.Linhas), _xlpm.Prior2,IF(_xlpm.EhTubular,_xlpm.Linhas,_xlpm.DimNum), _xlpm.MenorPrior1,_xlfn.AGGREGATE(15,6,_xlpm.Prior1/_xlpm.Filtro,1), _xlpm.MenorPrior2,_xlfn.AGGREGATE(15,6,_xlpm.Prior2/(_xlpm.Filtro*(_xlpm.Prior1=_xlpm.MenorPrior1)),1), _xlpm.MenorVazao,_xlfn.AGGREGATE(15,6,_xlpm.Vazoes/(_xlpm.Filtro*(_xlpm.Prior1=_xlpm.MenorPrior1)*(_xlpm.Prior2=_xlpm.MenorPrior2)),1), _xlpm.Linha,MATCH(1,(_xlpm.Vazoes=_xlpm.MenorVazao)*(_xlpm.Filtro>0),0), _xlpm.Tipo,INDEX(_xlpm.Tipos,_xlpm.Linha), _xlpm.Dim,INDEX(_xlpm.Dims,_xlpm.Linha), _xlpm.EhTubularEscolhido,MID(_xlpm.Tipo,3,1)="T", _xlpm.Tipo&" "&IF(_xlpm.EhTubularEscolhido,_xlpm.Dim&"m",SUBSTITUTE(_xlpm.Dim,"0,00","")&"m") ),"Ponte")} -> BDCC 2,50 x 2,50m
I46: *Condição de funcionamento: orifício
I48: OBRA EXISTENTE
I49: ='Apresentação - Est. Hid.'!AK27 -> Ponte existente 20,00x4,20m
D52: t/tr | E52: Q/qp | F52: t | G52: HU | H52: D Pe | O52: Qp
H53: =Q29 -> 0.17010531 | I53: =Q30 -> 0.45884832 | J53: =Q31 -> 0.44323526 | K53: =Q32 -> 0.46069272
D54: 0 | E54: =IF(F54<=$Q$9,F54/$Q$9,IF(F54<=$Q$10,($Q$10-F54)/$Q$11,0)) -> 0 | F54: =D54*$Q$8 -> 0 | G54: =E54*$Q$12 -> 0 | H54: =$G54*H$53 -> 0 | O54: =SUM(H54:N54) -> 0
D55: 0.2 | E55: =IF(F55<=$Q$9,F55/$Q$9,IF(F55<=$Q$10,($Q$10-F55)/$Q$11,0)) -> 0.068965517 | F55: =D55*$Q$8 -> 0.077535729 | G55: =E55*$Q$12 -> 2.161353 | H55: =$G55*H$53 -> 0.36765763 | O55: =SUM(H55:N55) -> 0.36765763
D56: 0.4 | E56: =IF(F56<=$Q$9,F56/$Q$9,IF(F56<=$Q$10,($Q$10-F56)/$Q$11,0)) -> 0.13793103 | F56: =D56*$Q$8 -> 0.15507146 | G56: =E56*$Q$12 -> 4.3227061 | H56: =$G56*H$53 -> 0.73531525 | O56: =SUM(H56:N56) -> 0.73531525
D57: 0.6 | E57: =IF(F57<=$Q$9,F57/$Q$9,IF(F57<=$Q$10,($Q$10-F57)/$Q$11,0)) -> 0.20689655 | F57: =D57*$Q$8 -> 0.23260719 | G57: =E57*$Q$12 -> 6.4840591 | H57: =$G57*H$53 -> 1.1029729 | O57: =SUM(H57:N57) -> 1.1029729
D58: 0.8 | E58: =IF(F58<=$Q$9,F58/$Q$9,IF(F58<=$Q$10,($Q$10-F58)/$Q$11,0)) -> 0.27586207 | F58: =D58*$Q$8 -> 0.31014291 | G58: =E58*$Q$12 -> 8.6454121 | H58: =$G58*H$53 -> 1.4706305 | O58: =SUM(H58:N58) -> 1.4706305
D59: 1 | E59: =IF(F59<=$Q$9,F59/$Q$9,IF(F59<=$Q$10,($Q$10-F59)/$Q$11,0)) -> 0.34482759 | F59: =D59*$Q$8 -> 0.38767864 | G59: =E59*$Q$12 -> 10.806765 | H59: =$G59*H$53 -> 1.8382881 | I59: =$G54*I$53 -> 0 | O59: =SUM(H59:N59) -> 1.8382881
D60: 1.2 | E60: =IF(F60<=$Q$9,F60/$Q$9,IF(F60<=$Q$10,($Q$10-F60)/$Q$11,0)) -> 0.4137931 | F60: =D60*$Q$8 -> 0.46521437 | G60: =E60*$Q$12 -> 12.968118 | H60: =$G60*H$53 -> 2.2059458 | I60: =$G55*I$53 -> 0.99173321 | O60: =SUM(H60:N60) -> 3.197679
D61: 1.4 | E61: =IF(F61<=$Q$9,F61/$Q$9,IF(F61<=$Q$10,($Q$10-F61)/$Q$11,0)) -> 0.48275862 | F61: =D61*$Q$8 -> 0.5427501 | G61: =E61*$Q$12 -> 15.129471 | H61: =$G61*H$53 -> 2.5736034 | I61: =$G56*I$53 -> 1.9834664 | O61: =SUM(H61:N61) -> 4.5570698
D62: 1.6 | E62: =IF(F62<=$Q$9,F62/$Q$9,IF(F62<=$Q$10,($Q$10-F62)/$Q$11,0)) -> 0.55172414 | F62: =D62*$Q$8 -> 0.62028583 | G62: =E62*$Q$12 -> 17.290824 | H62: =$G62*H$53 -> 2.941261 | I62: =$G57*I$53 -> 2.9751996 | O62: =SUM(H62:N62) -> 5.9164606
D63: 1.8 | E63: =IF(F63<=$Q$9,F63/$Q$9,IF(F63<=$Q$10,($Q$10-F63)/$Q$11,0)) -> 0.62068966 | F63: =D63*$Q$8 -> 0.69782156 | G63: =E63*$Q$12 -> 19.452177 | H63: =$G63*H$53 -> 3.3089186 | I63: =$G58*I$53 -> 3.9669328 | O63: =SUM(H63:N63) -> 7.2758515
D64: 2 | E64: =IF(F64<=$Q$9,F64/$Q$9,IF(F64<=$Q$10,($Q$10-F64)/$Q$11,0)) -> 0.68965517 | F64: =D64*$Q$8 -> 0.77535729 | G64: =E64*$Q$12 -> 21.61353 | H64: =$G64*H$53 -> 3.6765763 | I64: =$G59*I$53 -> 4.958666 | J64: =$G54*J$53 -> 0 | O64: =SUM(H64:N64) -> 8.6352423
D65: 2.2 | E65: =IF(F65<=$Q$9,F65/$Q$9,IF(F65<=$Q$10,($Q$10-F65)/$Q$11,0)) -> 0.75862069 | F65: =D65*$Q$8 -> 0.85289301 | G65: =E65*$Q$12 -> 23.774883 | H65: =$G65*H$53 -> 4.0442339 | I65: =$G60*I$53 -> 5.9503993 | J65: =$G55*J$53 -> 0.95798788 | O65: =SUM(H65:N65) -> 10.952621
D66: 2.4 | E66: =IF(F66<=$Q$9,F66/$Q$9,IF(F66<=$Q$10,($Q$10-F66)/$Q$11,0)) -> 0.82758621 | F66: =D66*$Q$8 -> 0.93042874 | G66: =E66*$Q$12 -> 25.936236 | H66: =$G66*H$53 -> 4.4118915 | I66: =$G61*I$53 -> 6.9421325 | J66: =$G56*J$53 -> 1.9159758 | O66: =SUM(H66:N66) -> 13.27
D67: 2.6 | E67: =IF(F67<=$Q$9,F67/$Q$9,IF(F67<=$Q$10,($Q$10-F67)/$Q$11,0)) -> 0.89655172 | F67: =D67*$Q$8 -> 1.0079645 | G67: =E67*$Q$12 -> 28.097589 | H67: =$G67*H$53 -> 4.7795491 | I67: =$G62*I$53 -> 7.9338657 | J67: =$G57*J$53 -> 2.8739636 | O67: =SUM(H67:N67) -> 15.587378
D68: 2.8 | E68: =IF(F68<=$Q$9,F68/$Q$9,IF(F68<=$Q$10,($Q$10-F68)/$Q$11,0)) -> 0.96551724 | F68: =D68*$Q$8 -> 1.0855002 | G68: =E68*$Q$12 -> 30.258942 | H68: =$G68*H$53 -> 5.1472068 | I68: =$G63*I$53 -> 8.9255989 | J68: =$G58*J$53 -> 3.8319515 | O68: =SUM(H68:N68) -> 17.904757
D69: 3 | E69: =IF(F69<=$Q$9,F69/$Q$9,IF(F69<=$Q$10,($Q$10-F69)/$Q$11,0)) -> 0.97935164 | F69: =D69*$Q$8 -> 1.1630359 | G69: =E69*$Q$12 -> 30.692507 | H69: =$G69*H$53 -> 5.2209584 | I69: =$G64*I$53 -> 9.9173321 | J69: =$G59*J$53 -> 4.7899394 | K69: =$G54*K$53 -> 0 | O69: =SUM(H69:N69) -> 19.92823
D70: 3.2 | E70: =IF(F70<=$Q$9,F70/$Q$9,IF(F70<=$Q$10,($Q$10-F70)/$Q$11,0)) -> 0.93805492 | F70: =D70*$Q$8 -> 1.2405717 | G70: =E70*$Q$12 -> 29.398284 | H70: =$G70*H$53 -> 5.0008042 | I70: =$G65*I$53 -> 10.909065 | J70: =$G60*J$53 -> 5.7479273 | K70: =$G55*K$53 -> 0.9957196 | O70: =SUM(H70:N70) -> 22.653516
D71: 3.4 | E71: =IF(F71<=$Q$9,F71/$Q$9,IF(F71<=$Q$10,($Q$10-F71)/$Q$11,0)) -> 0.89675821 | F71: =D71*$Q$8 -> 1.3181074 | G71: =E71*$Q$12 -> 28.104061 | H71: =$G71*H$53 -> 4.7806499 | I71: =$G66*I$53 -> 11.900799 | J71: =$G61*J$53 -> 6.7059151 | K71: =$G56*K$53 -> 1.9914392 | O71: =SUM(H71:N71) -> 25.378803
D72: 3.6 | E72: =IF(F72<=$Q$9,F72/$Q$9,IF(F72<=$Q$10,($Q$10-F72)/$Q$11,0)) -> 0.85546149 | F72: =D72*$Q$8 -> 1.3956431 | G72: =E72*$Q$12 -> 26.809837 | H72: =$G72*H$53 -> 4.5604956 | I72: =$G67*I$53 -> 12.892532 | J72: =$G62*J$53 -> 7.663903 | K72: =$G57*K$53 -> 2.9871588 | O72: =SUM(H72:N72) -> 28.104089
D73: 3.8 | E73: =IF(F73<=$Q$9,F73/$Q$9,IF(F73<=$Q$10,($Q$10-F73)/$Q$11,0)) -> 0.81416477 | F73: =D73*$Q$8 -> 1.4731788 | G73: =E73*$Q$12 -> 25.515614 | H73: =$G73*H$53 -> 4.3403414 | I73: =$G68*I$53 -> 13.884265 | J73: =$G63*J$53 -> 8.6218909 | K73: =$G58*K$53 -> 3.9828784 | O73: =SUM(H73:N73) -> 30.829376
D74: 4 | E74: =IF(F74<=$Q$9,F74/$Q$9,IF(F74<=$Q$10,($Q$10-F74)/$Q$11,0)) -> 0.77286806 | F74: =D74*$Q$8 -> 1.5507146 | G74: =E74*$Q$12 -> 24.22139 | H74: =$G74*H$53 -> 4.1201871 | I74: =$G69*I$53 -> 14.083205 | J74: =$G64*J$53 -> 9.5798788 | K74: =$G59*K$53 -> 4.978598 | O74: =SUM(H74:N74) -> 32.761869
D75: 4.2 | E75: =IF(F75<=$Q$9,F75/$Q$9,IF(F75<=$Q$10,($Q$10-F75)/$Q$11,0)) -> 0.73157134 | F75: =D75*$Q$8 -> 1.6282503 | G75: =E75*$Q$12 -> 22.927167 | H75: =$G75*H$53 -> 3.9000328 | I75: =$G70*I$53 -> 13.489353 | J75: =$G65*J$53 -> 10.537867 | K75: =$G60*K$53 -> 5.9743176 | O75: =SUM(H75:N75) -> 33.90157
D76: 4.4 | E76: =IF(F76<=$Q$9,F76/$Q$9,IF(F76<=$Q$10,($Q$10-F76)/$Q$11,0)) -> 0.69027462 | F76: =D76*$Q$8 -> 1.705786 | G76: =E76*$Q$12 -> 21.632944 | H76: =$G76*H$53 -> 3.6798786 | I76: =$G71*I$53 -> 12.895501 | J76: =$G66*J$53 -> 11.495855 | K76: =$G61*K$53 -> 6.9700372 | O76: =SUM(H76:N76) -> 35.041271
D77: 4.6 | E77: =IF(F77<=$Q$9,F77/$Q$9,IF(F77<=$Q$10,($Q$10-F77)/$Q$11,0)) -> 0.64897791 | F77: =D77*$Q$8 -> 1.7833218 | G77: =E77*$Q$12 -> 20.33872 | H77: =$G77*H$53 -> 3.4597243 | I77: =$G72*I$53 -> 12.301649 | J77: =$G67*J$53 -> 12.453842 | K77: =$G62*K$53 -> 7.9657568 | O77: =SUM(H77:N77) -> 36.180972
D78: 4.8 | E78: =IF(F78<=$Q$9,F78/$Q$9,IF(F78<=$Q$10,($Q$10-F78)/$Q$11,0)) -> 0.60768119 | F78: =D78*$Q$8 -> 1.8608575 | G78: =E78*$Q$12 -> 19.044497 | H78: =$G78*H$53 -> 3.23957 | I78: =$G73*I$53 -> 11.707797 | J78: =$G68*J$53 -> 13.41183 | K78: =$G63*K$53 -> 8.9614764 | O78: =SUM(H78:N78) -> 37.320673
D79: 5 | E79: =IF(F79<=$Q$9,F79/$Q$9,IF(F79<=$Q$10,($Q$10-F79)/$Q$11,0)) -> 0.56638447 | F79: =D79*$Q$8 -> 1.9383932 | G79: =E79*$Q$12 -> 17.750274 | H79: =$G79*H$53 -> 3.0194158 | I79: =$G74*I$53 -> 11.113944 | J79: =$G69*J$53 -> 13.604002 | K79: =$G64*K$53 -> 9.957196 | O79: =SUM(H79:N79) -> 37.694558
D80: 5.2 | E80: =IF(F80<=$Q$9,F80/$Q$9,IF(F80<=$Q$10,($Q$10-F80)/$Q$11,0)) -> 0.52508776 | F80: =D80*$Q$8 -> 2.0159289 | G80: =E80*$Q$12 -> 16.45605 | H80: =$G80*H$53 -> 2.7992615 | I80: =$G75*I$53 -> 10.520092 | J80: =$G70*J$53 -> 13.030356 | K80: =$G65*K$53 -> 10.952916 | O80: =SUM(H80:N80) -> 37.302625
... D156: 20.4 | E156: =IF(F156<=$Q$9,F156/$Q$9,IF(F156<=$Q$10,($Q$10-F156)/$Q$11,0)) -> 0 | F156: =D156*$Q$8 -> 7.9086443 | G156: =E156*$Q$12 -> 0 | H156: =$G156*H$53 -> 0 | I156: =$G151*I$53 -> 0 | J156: =$G146*J$53 -> 0 | K156: =$G141*K$53 -> 0 | O156: =SUM(H156:N156) -> 0
T160: tempo (h) | U160: Q (m³/s)
T161: 0 | U161: 0
T162: =Q9 -> 1.1242681 | U162: =E39 -> 37.694558
T163: =Q10 -> 3.0017957 | U163: 0

Sheet PERFIL BC09 (HUT)
B2: Ponto | C2: Cota (m) | D2: Distância (m) | E2: Distância Acumulada (Km) | F2: DHn (m) | G2: DLn (km) | H2: Sn (m/km)
B3: C | C3: 1133 | D3: 0 | E3: =D3/1000 -> 0 | F3: 0 | G3: 0 | H3: 0 | J3: Validação por macro
B4: 1 | C4: 938 | D4: 500 | E4: =D4/1000 -> 0.5 | F4: =C3-C4 -> 195 | G4: =E4-E3 -> 0.5 | H4: =F4/G4 -> 390 | J4: Sef (m/km) | K4: =(((E15/((G4/SQRT(H4))+(G5/SQRT(H5))+(G6/SQRT(H6))+(G7/SQRT(H7))+(G8/SQRT(H8))+(G9/SQRT(H9))+(G10/SQRT(H10))+(G11/SQRT(H11))+(G12/SQRT(H12))+(G13/SQRT(H13))+(G14/SQRT(H14))+(G15/SQRT(H15))))^2)/1000)*1000 -> 27.646413
B5: 2 | C5: 804 | D5: =D4+500 -> 1000 | E5: =D5/1000 -> 1 | F5: =C4-C5 -> 134 | G5: =E5-E4 -> 0.5 | H5: =F5/G5 -> 268 | J5: Sef (m/m) | K5: =((E15/((G4/SQRT(H4))+(G5/SQRT(H5))+(G6/SQRT(H6))+(G7/SQRT(H7))+(G8/SQRT(H8))+(G9/SQRT(H9))+(G10/SQRT(H10))+(G11/SQRT(H11))+(G12/SQRT(H12))+(G13/SQRT(H13))+(G14/SQRT(H14))+(G15/SQRT(H15))))^2)/1000 -> 0.027646413
B6: 3 | C6: 723 | D6: =D5+500 -> 1500 | E6: =D6/1000 -> 1.5 | F6: =C5-C6 -> 81 | G6: =E6-E5 -> 0.5 | H6: =F6/G6 -> 162 | J6: Sef (%) | K6: =(((E15/((G4/SQRT(H4))+(G5/SQRT(H5))+(G6/SQRT(H6))+(G7/SQRT(H7))+(G8/SQRT(H8))+(G9/SQRT(H9))+(G10/SQRT(H10))+(G11/SQRT(H11))+(G12/SQRT(H12))+(G13/SQRT(H13))+(G14/SQRT(H14))+(G15/SQRT(H15))))^2)/1000)*100 -> 2.7646413
B7: 4 | C7: 689 | D7: =D6+500 -> 2000 | E7: =D7/1000 -> 2 | F7: =C6-C7 -> 34 | G7: =E7-E6 -> 0.5 | H7: =F7/G7 -> 68
B8: 5 | C8: 664 | D8: =D7+500 -> 2500 | E8: =D8/1000 -> 2.5 | F8: =C7-C8 -> 25 | G8: =E8-E7 -> 0.5 | H8: =F8/G8 -> 50
B9: 6 | C9: 650 | D9: =D8+500 -> 3000 | E9: =D9/1000 -> 3 | F9: =C8-C9 -> 14 | G9: =E9-E8 -> 0.5 | H9: =F9/G9 -> 28
B10: 7 | C10: 643 | D10: =D9+500 -> 3500 | E10: =D10/1000 -> 3.5 | F10: =C9-C10 -> 7 | G10: =E10-E9 -> 0.5 | H10: =F10/G10 -> 14
B11: 8 | C11: 635 | D11: =D10+500 -> 4000 | E11: =D11/1000 -> 4 | F11: =C10-C11 -> 8 | G11: =E11-E10 -> 0.5 | H11: =F11/G11 -> 16
B12: 9 | C12: 625 | D12: =D11+500 -> 4500 | E12: =D12/1000 -> 4.5 | F12: =C11-C12 -> 10 | G12: =E12-E11 -> 0.5 | H12: =F12/G12 -> 20
B13: 10 | C13: 616 | D13: =D12+500 -> 5000 | E13: =D13/1000 -> 5 | F13: =C12-C13 -> 9 | G13: =E13-E12 -> 0.5 | H13: =F13/G13 -> 18
B14: 11 | C14: 613 | D14: =D13+500 -> 5500 | E14: =D14/1000 -> 5.5 | F14: =C13-C14 -> 3 | G14: =E14-E13 -> 0.5 | H14: =F14/G14 -> 6
B15: E | C15: 609 | D15: ='BC09 (HUT)'!E8*1000 -> 5832.5459 | E15: =D15/1000 -> 5.8325459 | F15: =C14-C15 -> 4 | G15: =E15-E14 -> 0.33254594 | H15: =F15/G15 -> 12.028413
B17: DHn = Cota¹-Cota²
B18: DLn = Lacum²-Lacum¹
B20: Sef = | C20: =((E15/((G4/(SQRT(H4)))+(G5/(SQRT(H5)))+(G6/(SQRT(H6)))+(G7/(SQRT(H7)))+(G8/(SQRT(H8)))+(G9/(SQRT(H9)))+(G10/(SQRT(H10)))+(G11/(SQRT(H11)))+(G12/(SQRT(H12)))+(G13/(SQRT(H13)))+(G14/(SQRT(H14)))+(G15/(SQRT(H15))))))^2 -> 27.646413 | D20: (m/km) | E20: m/km
B21: Sef = | C21: =C20/1000 -> 0.027646413 | D21: (m/m) | E21: m/m
B22: Sef = | C22: =C21*100 -> 2.7646413 | D22: (%) | E22: %
P26: ="Perfil Longitudinal - "&'BC09 (HUT)'!E6 -> Perfil Longitudinal - Córrego Lavandeira

Sheet BC10 (RAC)
A1: ESTUDOS HIDROLÓGICOS
A2: Método Racional | Q2: UTILIZAR TABELA QUADRO DE CHUVAS ISOZONAS DADOS PLUVIOMÉTRICOS
B3: Estaca: | E3: 847 | F3: + | G3: 15.87 | T3: DECLIVIDADE EFETIVA (%): | U3: ='PERFIL BC10'!C15 -> 2.1713554
B4: VIA : | E4: GO-116 | F4: GROTA | K4: TEMPO DE RECORRÊNCIA : | N4: 15 | O4: anos | T4: DECLIVIDADE MÉDIA (%): | U4: =100*(E8/(E7*1000)) -> 5.696643
B5: CURSO D'ÁGUA : | E5: Sem talvegue permanente | K5: TEMPO DE RECORRÊNCIA : | N5: 25 | O5: anos
B6: ÁREA DE CONTRIBUIÇÃO (km²) : | E6: =VLOOKUP(F10,'AUX BACIAS'!$A$2:$D$12,3,0) -> 3.1849132 | K6: TEMPO DE RECORRÊNCIA : | N6: 50 | O6: anos
B7: COMP. DO TALVEGUE (km) : | E7: =(VLOOKUP(F10,'AUX BACIAS'!$A$2:$D$12,4,0)/1000) -> 3.7917068 | K7: TEMPO DE RECORRÊNCIA : | N7: 100 | O7: anos
B8: DESNÍVEL (m) : | E8: =(INDEX('PERFIL BC10'!$C:$C,MATCH("C",'PERFIL BC10'!$B:$B,0))-INDEX('PERFIL BC10'!$C:$C,MATCH("E",'PERFIL BC10'!$B:$B,0))) -> 216 | K8: COEFICIENTE C: | O8: =H26 -> 0.2
B9: DECLIVIDADE EFETIVA (%) : | E9: =IF(U3>U4,U4,U3) -> 2.1713554 | K9: TEMPO DE CONCENTRAÇÃO Tc (h) : | O9: =IF(E6<=0.8,0.39*(E7^2/E9)^0.385,0.59*(E7^2/E9)^0.385) -> 1.221556
E10: Nº Bacia: | F10: {=MID(RIGHT(CELL("nome.arquivo",A1),LEN(CELL("nome.arquivo",A1)) - SEARCH("]",CELL("nome.arquivo",A1))),1,4)} -> BC10
B11: Tipo de Relevo | C11: Plano
B12: Orografia | C12: B | J12: CHUVA DE PROJETO | Q12: Auxiliar - Não apagar
B13: * Classificação de orografia segundo a IP 03 – Goinfra – Estudos hidrológicos | J13: TR | K13: D tc (min) | L13: Po (mm) | N13: I (mm/min) | Q13: =IF(M21>MAX(Base_Bueiros!$F$2:$F$10),"Não atende em canal 15 anos. Dimensionar para 25 anos",IF(M21<=MAX(Base_Bueiros!$F$2:$F$4),INDEX(Base_Bueiros!$C$2:$C$4,MATCH(_xlfn.MINIFS(Base_Bueiros!$F$2:$F$4,Base_Bueiros!$F$2:$F$4,">="&M21),Base_Bueiros!$F$2:$F$4,0))&" d="&TEXT(INDEX(Base_Bueiros!$D$2:$D$4,MATCH(_xlfn.MINIFS(Base_Bueiros!$F$2:$F$4,Base_Bueiros!$F$2:$F$4,">="&M21),Base_Bueiros!$F$2:$F$4,0)),"0,00")&"m",IF(M21<=MAX(Base_Bueiros!$F$5:$F$7),INDEX(Base_Bueiros!$C$5:$C$7,MATCH(_xlfn.MINIFS(Base_Bueiros!$F$5:$F$7,Base_Bueiros!$F$5:$F$7,">="&M21),Base_Bueiros!$F$5:$F$7,0))&" d="&TEXT(INDEX(Base_Bueiros!$D$5:$D$7,MATCH(_xlfn.MINIFS(Base_Bueiros!$F$5:$F$7,Base_Bueiros!$F$5:$F$7,">="&M21),Base_Bueiros!$F$5:$F$7,0)),"0,00")&"m",INDEX(Base_Bueiros!$C$8:$C$10,MATCH(_xlfn.MINIFS(Base_Bueiros!$F$8:$F$10,Base_Bueiros!$F$8:$F$10,">="&M21),Base_Bueiros!$F$8:$F$10,0))&" d="&TEXT(INDEX(Base_Bueiros!$D$8:$D$10,MATCH(_xlfn.MINIFS(Base_Bueiros!$F$8:$F$10,Base_Bueiros!$F$8:$F$10,">="&M21),Base_Bueiros!$F$8:$F$10,0)),"0,00")&"m"))) -> Não atende em canal 15 anos. Dimensionar para 25 anos | S13: =IF(Q13="Não atende em canal 15 anos. Dimensionar para 25 anos",25,15) -> 25 | X13: ='BC01 (RAC)'!X13 -> ax | Z13: ='BC01 (RAC)'!Z13 -> b | AB13: ='BC01 (RAC)'!AB13 -> ax (1-24h) | AC13: Método para C
J14: 15 anos | K14: =$O$9*60 -> 73.293358 | L14: =IF($O$9<=1,(X14*LN((K14/60)))+Z14,(AB14*LN((K14/60)))+Z14) -> 88.2206 | N14: =L14/K14 -> 1.2036643 | Q14: =IF(M22>MAX(Base_Bueiros!$F$20:$F$28),"Não atende em orificio 25 anos. Dimensionar para 50 anos",TRIM(IFERROR(LEFT(INDEX(Base_Bueiros!$C$20:$C$28,MATCH(_xlfn.MINIFS(Base_Bueiros!$F$20:$F$28,Base_Bueiros!$F$20:$F$28,">="&M22),Base_Bueiros!$F$20:$F$28,0)),FIND(" OU ",INDEX(Base_Bueiros!$C$20:$C$28,MATCH(_xlfn.MINIFS(Base_Bueiros!$F$20:$F$28,Base_Bueiros!$F$20:$F$28,">="&M22),Base_Bueiros!$F$20:$F$28,0)))-1),INDEX(Base_Bueiros!$C$20:$C$28,MATCH(_xlfn.MINIFS(Base_Bueiros!$F$20:$F$28,Base_Bueiros!$F$20:$F$28,">="&M22),Base_Bueiros!$F$20:$F$28,0))))&" d="&INDEX(Base_Bueiros!$D$20:$D$28,MATCH(_xlfn.MINIFS(Base_Bueiros!$F$20:$F$28,Base_Bueiros!$F$20:$F$28,">="&M22),Base_Bueiros!$F$20:$F$28,0))&"m") -> BTTC d= d=1,50m | S14: =IF(Q14="Não atende em orifício 25 anos. Dimensionar para 50 anos",50,25) -> 25 | W14: 15 | X14: ='BC01 (RAC)'!X14 -> 26.41506 | Z14: ='BC01 (RAC)'!Z14 -> 83.379769 | AB14: ='BC01 (RAC)'!AB14 -> 24.188986 | AC14: =IF(C11="Plano","Tabelado",IF(C11="Ondulado","Tabelado",IF(C11="Montanhoso","Tabelado","Ponderado"))) -> Tabelado
J15: 25 anos | K15: =$O$9*60 -> 73.293358 | L15: =IF($O$9<=1,(X15*LN((K15/60)))+Z15,(AB15*LN((K15/60)))+Z15) -> 97.242309 | N15: =L15/K15 -> 1.3267547 | W15: 25 | X15: ='BC01 (RAC)'!X15 -> 29.043207 | Z15: ='BC01 (RAC)'!Z15 -> 91.924418 | AB15: ='BC01 (RAC)'!AB15 -> 26.572791
J16: 50 anos | K16: =$O$9*60 -> 73.293358 | L16: =IF($O$9<=1,(X16*LN((K16/60)))+Z16,(AB16*LN((K16/60)))+Z16) -> 109.00567 | N16: =L16/K16 -> 1.4872516 | W16: 50 | X16: ='BC01 (RAC)'!X16 -> 32.43716 | Z16: ='BC01 (RAC)'!Z16 -> 103.04595 | AB16: ='BC01 (RAC)'!AB16 -> 29.779923
J17: 100 anos | K17: =$O$9*60 -> 73.293358 | L17: =IF($O$9<=1,(X17*LN((K17/60)))+Z17,(AB17*LN((K17/60)))+Z17) -> 120.46075 | N17: =L17/K17 -> 1.6435425 | W17: 100 | X17: ='BC01 (RAC)'!X17 -> 37.177213 | Z17: ='BC01 (RAC)'!Z17 -> 113.85574 | AB17: ='BC01 (RAC)'!AB17 -> 33.004345
B20: COMPOSIÇÃO DE ÁREA "C" | J20: Resultados | K20: Recorrência | M20: Qmáx
D21: m² | E21: km² | F21: C | G21: % | K21: Q15 = | M21: =0.278*$O$8*(N14*60)*$E$6 -> 12.788777 | N21: m³/s
B22: Área total | D22: =E22*10^6 -> 3184913.2 | E22: =E6 -> 3.1849132 | F22: - | G22: - | H22: - | K22: Q25 = | M22: =0.278*$O$8*(N15*60)*$E$6 -> 14.096597 | N22: m³/s
B23: Áreas urbanizadas, Cerrados, pastagens | D23: - | E23: - | F23: - | G23: - | H23: - | K23: Q50 = | M23: =0.278*$O$8*(N16*60)*$E$6 -> 15.801856 | N23: m³/s
B24: Culturas e pastagens terraceadas | D24: =$D$22*G24 -> 3184913.2 | E24: =D24/10^6 -> 3.1849132 | F24: {=_xlfn.LET( _xlpm.superficie,B24, _xlpm.oro,$C$12, _xlpm.terreno,$C$11, _xlpm.metodo,$AC$14, _xlpm.linInicial,MATCH(_xlpm.superficie,C_CN_IP03!$B$4:$B$19,0), _xlpm.lin,_xlpm.linInicial+MATCH(_xlpm.oro,INDEX(C_CN_IP03!$C$4:$C$19,_xlpm.linInicial):INDEX(C_CN_IP03!$C$4:$C$19,_xlpm.linInicial+3),0)-1, IF( _xlpm.metodo="Tabelado", _xlfn.LET( _xlpm.col,MATCH(_xlpm.terreno,C_CN_IP03!$D$2:$I$2,0), INDEX(C_CN_IP03!$D$4:$I$19,_xlpm.lin,_xlpm.col) ), IF( _xlpm.metodo="Ponderado", IF( _xlpm.terreno="Levemente ondulado", AVERAGE( INDEX(C_CN_IP03!$D$4:$I$19,_xlpm.lin,1), INDEX(C_CN_IP03!$D$4:$I$19,_xlpm.lin,3) ), IF( _xlpm.terreno="Muito ondulado", AVERAGE( INDEX(C_CN_IP03!$D$4:$I$19,_xlpm.lin,3), INDEX(C_CN_IP03!$D$4:$I$19,_xlpm.lin,5) ), "Condição de terreno não reconhecida" ) ), "Método não reconhecido" ) ) )} -> 0.2 | G24: 1 | H24: =(G24*(F24)) -> 0.2 | K24: Q100 = | M24: =0.278*$O$8*(N17*60)*$E$6 -> 17.462426 | N24: m³/s
B25: Cerrados, pastagens e matas ralas | D25: - | E25: - | F25: - | G25: - | H25: -
B26: C adotado | H26: =SUM(H23:H25) -> 0.2 | J26: OBRA PROJETADA
B27: * Tabela de coeficientes de C e CN - IP 03 – Goinfra – Estudos hidrológicos | J27: {=IFERROR(_xlfn.LET( _xlpm.Func,"Orif", _xlpm.Funcs,Base_Bueiros!$A$2:$A$37, _xlpm.Tipos,Base_Bueiros!$C$2:$C$37, _xlpm.Dims,Base_Bueiros!$D$2:$D$37, _xlpm.Vazoes,Base_Bueiros!$F$2:$F$37, _xlpm.DimNum,IFERROR(VALUE(TRIM(LEFT(_xlpm.Dims,FIND("x",_xlpm.Dims)-1))),VALUE(_xlpm.Dims)), _xlpm.Linhas,IF(MID(_xlpm.Tipos,2,1)="T",3,IF(MID(_xlpm.Tipos,2,1)="D",2,1)), _xlpm.EhTubular,MID(_xlpm.Tipos,3,1)="T", _xlpm.QNec,IF(ISNUMBER(FIND("Orif",_xlpm.Func)),IF(_xlpm.EhTubular,M22,M23),IF(_xlpm.EhTubular,M21,M22)), _xlpm.FiltroBase,(ISNUMBER(FIND(_xlpm.Func,_xlpm.Funcs)))*(_xlpm.Vazoes>=_xlpm.QNec), _xlpm.TemTubular,SUM(_xlpm.FiltroBase*_xlpm.EhTubular)>0, _xlpm.Filtro,_xlpm.FiltroBase*IF(_xlpm.TemTubular,_xlpm.EhTubular,NOT(_xlpm.EhTubular)), _xlpm.Prior1,IF(_xlpm.EhTubular,_xlpm.DimNum,_xlpm.Linhas), _xlpm.Prior2,IF(_xlpm.EhTubular,_xlpm.Linhas,_xlpm.DimNum), _xlpm.MenorPrior1,_xlfn.AGGREGATE(15,6,_xlpm.Prior1/_xlpm.Filtro,1), _xlpm.MenorPrior2,_xlfn.AGGREGATE(15,6,_xlpm.Prior2/(_xlpm.Filtro*(_xlpm.Prior1=_xlpm.MenorPrior1)),1), _xlpm.MenorVazao,_xlfn.AGGREGATE(15,6,_xlpm.Vazoes/(_xlpm.Filtro*(_xlpm.Prior1=_xlpm.MenorPrior1)*(_xlpm.Prior2=_xlpm.MenorPrior2)),1), _xlpm.Linha,MATCH(1,(_xlpm.Vazoes=_xlpm.MenorVazao)*(_xlpm.Filtro>0),0), _xlpm.Tipo,INDEX(_xlpm.Tipos,_xlpm.Linha), _xlpm.Dim,INDEX(_xlpm.Dims,_xlpm.Linha), _xlpm.EhTubularEscolhido,MID(_xlpm.Tipo,3,1)="T", _xlpm.Tipo&" "&IF(_xlpm.EhTubularEscolhido,_xlpm.Dim&"m",SUBSTITUTE(_xlpm.Dim,"0,00","")&"m") ),"Ponte")} -> BTTC d= 1,50m
J28: *Condição de funcionamento: orifício
J29: *Carga hidráulica: h=1,2*H
J31: OBRA PROJETADA
J32: {=IFERROR(_xlfn.LET( _xlpm.Func,"Canal", _xlpm.Funcs,Base_Bueiros!$A$2:$A$37, _xlpm.Tipos,Base_Bueiros!$C$2:$C$37, _xlpm.Dims,Base_Bueiros!$D$2:$D$37, _xlpm.Vazoes,Base_Bueiros!$F$2:$F$37, _xlpm.DimNum,IFERROR(VALUE(TRIM(LEFT(_xlpm.Dims,FIND("x",_xlpm.Dims)-1))),VALUE(_xlpm.Dims)), _xlpm.Linhas,IF(MID(_xlpm.Tipos,2,1)="T",3,IF(MID(_xlpm.Tipos,2,1)="D",2,1)), _xlpm.EhTubular,MID(_xlpm.Tipos,3,1)="T", _xlpm.QNec,IF(ISNUMBER(FIND("Orif",_xlpm.Func)),IF(_xlpm.EhTubular,M22,M23),IF(_xlpm.EhTubular,M21,M22)), _xlpm.FiltroBase,(ISNUMBER(FIND(_xlpm.Func,_xlpm.Funcs)))*(_xlpm.Vazoes>=_xlpm.QNec), _xlpm.TemTubular,SUM(_xlpm.FiltroBase*_xlpm.EhTubular)>0, _xlpm.Filtro,_xlpm.FiltroBase*IF(_xlpm.TemTubular,_xlpm.EhTubular,NOT(_xlpm.EhTubular)), _xlpm.Prior1,IF(_xlpm.EhTubular,_xlpm.DimNum,_xlpm.Linhas), _xlpm.Prior2,IF(_xlpm.EhTubular,_xlpm.Linhas,_xlpm.DimNum), _xlpm.MenorPrior1,_xlfn.AGGREGATE(15,6,_xlpm.Prior1/_xlpm.Filtro,1), _xlpm.MenorPrior2,_xlfn.AGGREGATE(15,6,_xlpm.Prior2/(_xlpm.Filtro*(_xlpm.Prior1=_xlpm.MenorPrior1)),1), _xlpm.MenorVazao,_xlfn.AGGREGATE(15,6,_xlpm.Vazoes/(_xlpm.Filtro*(_xlpm.Prior1=_xlpm.MenorPrior1)*(_xlpm.Prior2=_xlpm.MenorPrior2)),1), _xlpm.Linha,MATCH(1,(_xlpm.Vazoes=_xlpm.MenorVazao)*(_xlpm.Filtro>0),0), _xlpm.Tipo,INDEX(_xlpm.Tipos,_xlpm.Linha), _xlpm.Dim,INDEX(_xlpm.Dims,_xlpm.Linha), _xlpm.EhTubularEscolhido,MID(_xlpm.Tipo,3,1)="T", _xlpm.Tipo&" "&IF(_xlpm.EhTubularEscolhido,_xlpm.Dim&"m",SUBSTITUTE(_xlpm.Dim,"0,00","")&"m") ),"Ponte")} -> BSCC 2,50 x 2,50m
J33: *Condição de funcionamento: canal
J35: OBRA EXISTENTE
J36: ='Apresentação - Est. Hid.'!AK28 -> Ponte existente 14,80x4,20m

Sheet PERFIL BC10
B2: Ponto | C2: Cota (m) | D2: Distância (m) | E2: Distância Acumulada (Km) | F2: DHn (m) | G2: DLn (km) | H2: Sn (m/km)
B3: C | C3: 845 | D3: 0 | E3: =D3/1000 -> 0 | F3: 0 | G3: 0 | H3: 0 | J3: Validação por macro
B4: 1 | C4: 762 | D4: 500 | E4: =D4/1000 -> 0.5 | F4: =C3-C4 -> 83 | G4: =E4-E3 -> 0.5 | H4: =F4/G4 -> 166 | J4: Sef (m/km) | K4: =(((E11/((G4/SQRT(H4))+(G5/SQRT(H5))+(G6/SQRT(H6))+(G7/SQRT(H7))+(G8/SQRT(H8))+(G9/SQRT(H9))+(G10/SQRT(H10))+(G11/SQRT(H11))))^2)/1000)*1000 -> 21.713554
B5: 2 | C5: 694 | D5: =D4+500 -> 1000 | E5: =D5/1000 -> 1 | F5: =C4-C5 -> 68 | G5: =E5-E4 -> 0.5 | H5: =F5/G5 -> 136 | J5: Sef (m/m) | K5: =((E11/((G4/SQRT(H4))+(G5/SQRT(H5))+(G6/SQRT(H6))+(G7/SQRT(H7))+(G8/SQRT(H8))+(G9/SQRT(H9))+(G10/SQRT(H10))+(G11/SQRT(H11))))^2)/1000 -> 0.021713554
B6: 3 | C6: 666 | D6: =D5+500 -> 1500 | E6: =D6/1000 -> 1.5 | F6: =C5-C6 -> 28 | G6: =E6-E5 -> 0.5 | H6: =F6/G6 -> 56 | J6: Sef (%) | K6: =(((E11/((G4/SQRT(H4))+(G5/SQRT(H5))+(G6/SQRT(H6))+(G7/SQRT(H7))+(G8/SQRT(H8))+(G9/SQRT(H9))+(G10/SQRT(H10))+(G11/SQRT(H11))))^2)/1000)*100 -> 2.1713554
B7: 4 | C7: 651 | D7: =D6+500 -> 2000 | E7: =D7/1000 -> 2 | F7: =C6-C7 -> 15 | G7: =E7-E6 -> 0.5 | H7: =F7/G7 -> 30
B8: 5 | C8: 639 | D8: =D7+500 -> 2500 | E8: =D8/1000 -> 2.5 | F8: =C7-C8 -> 12 | G8: =E8-E7 -> 0.5 | H8: =F8/G8 -> 24
B9: 6 | C9: 635 | D9: =D8+500 -> 3000 | E9: =D9/1000 -> 3 | F9: =C8-C9 -> 4 | G9: =E9-E8 -> 0.5 | H9: =F9/G9 -> 8
B10: 7 | C10: 632 | D10: =D9+500 -> 3500 | E10: =D10/1000 -> 3.5 | F10: =C9-C10 -> 3 | G10: =E10-E9 -> 0.5 | H10: =F10/G10 -> 6
B11: E | C11: 629 | D11: ='BC10 (RAC)'!E7*1000 -> 3791.7068 | E11: =D11/1000 -> 3.7917068 | F11: =C10-C11 -> 3 | G11: =E11-E10 -> 0.29170681 | H11: =F11/G11 -> 10.284299
B13: Sef = | C13: =(((E11/((G4/SQRT(H4))+(G5/SQRT(H5))+(G6/SQRT(H6))+(G7/SQRT(H7))+(G8/SQRT(H8))+(G9/SQRT(H9))+(G10/SQRT(H10))+(G11/SQRT(H11))))^2)/1000)*1000 -> 21.713554 | D13: (m/km) | E13: m/km
B14: Sef = | C14: =C13/1000 -> 0.021713554 | D14: (m/m) | E14: m/m
B15: Sef = | C15: =C14*100 -> 2.1713554 | D15: (%) | E15: %
B30: ="Perfil Longitudinal - "&'BC10 (RAC)'!E5 -> Perfil Longitudinal - Sem talvegue permanente

Sheet BC11 (RAC)
A1: ESTUDOS HIDROLÓGICOS
A2: Método Racional | Q2: UTILIZAR TABELA QUADRO DE CHUVAS ISOZONAS DADOS PLUVIOMÉTRICOS
B3: Estaca: | E3: 893 | F3: + | G3: 18.6 | T3: DECLIVIDADE EFETIVA (%): | U3: ='PERFIL BC11'!C21 -> 2.8553088
B4: VIA : | E4: GO-116 | F4: GROTA | K4: TEMPO DE RECORRÊNCIA : | N4: 15 | O4: anos | T4: DECLIVIDADE MÉDIA (%): | U4: =100*(E8/(E7*1000)) -> 4.3379968
B5: CURSO D'ÁGUA : | E5: Córrego Landim | K5: TEMPO DE RECORRÊNCIA : | N5: 25 | O5: anos
B6: ÁREA DE CONTRIBUIÇÃO (km²) : | E6: =VLOOKUP(F10,'AUX BACIAS'!$A$2:$D$12,3,0) -> 1.431112 | K6: TEMPO DE RECORRÊNCIA : | N6: 50 | O6: anos
B7: COMP. DO TALVEGUE (km) : | E7: =(VLOOKUP(F10,'AUX BACIAS'!$A$2:$D$12,4,0)/1000) -> 1.3600748 | K7: TEMPO DE RECORRÊNCIA : | N7: 100 | O7: anos
B8: DESNÍVEL (m) : | E8: =(INDEX('PERFIL BC11'!$C:$C,MATCH("C",'PERFIL BC11'!$B:$B,0))-INDEX('PERFIL BC11'!$C:$C,MATCH("E",'PERFIL BC11'!$B:$B,0))) -> 59 | K8: COEFICIENTE C: | O8: =H26 -> 0.20788
B9: DECLIVIDADE EFETIVA (%) : | E9: =IF(U3>U4,U4,U3) -> 2.8553088 | K9: TEMPO DE CONCENTRAÇÃO Tc (h) : | O9: =IF(E6<=0.8,0.39*(E7^2/E9)^0.385,0.59*(E7^2/E9)^0.385) -> 0.4991935
E10: Nº Bacia: | F10: {=MID(RIGHT(CELL("nome.arquivo",A1),LEN(CELL("nome.arquivo",A1)) - SEARCH("]",CELL("nome.arquivo",A1))),1,4)} -> BC11
B11: Tipo de Relevo | C11: Plano
B12: Orografia | C12: B | J12: CHUVA DE PROJETO | Q12: Auxiliar - Não apagar
B13: * Classificação de orografia segundo a IP 03 – Goinfra – Estudos hidrológicos | J13: TR | K13: D tc (min) | L13: Po (mm) | N13: I (mm/min) | Q13: =IF(M21>MAX(Base_Bueiros!$F$2:$F$10),"Não atende em canal 15 anos. Dimensionar para 25 anos",IF(M21<=MAX(Base_Bueiros!$F$2:$F$4),INDEX(Base_Bueiros!$C$2:$C$4,MATCH(_xlfn.MINIFS(Base_Bueiros!$F$2:$F$4,Base_Bueiros!$F$2:$F$4,">="&M21),Base_Bueiros!$F$2:$F$4,0))&" d="&TEXT(INDEX(Base_Bueiros!$D$2:$D$4,MATCH(_xlfn.MINIFS(Base_Bueiros!$F$2:$F$4,Base_Bueiros!$F$2:$F$4,">="&M21),Base_Bueiros!$F$2:$F$4,0)),"0,00")&"m",IF(M21<=MAX(Base_Bueiros!$F$5:$F$7),INDEX(Base_Bueiros!$C$5:$C$7,MATCH(_xlfn.MINIFS(Base_Bueiros!$F$5:$F$7,Base_Bueiros!$F$5:$F$7,">="&M21),Base_Bueiros!$F$5:$F$7,0))&" d="&TEXT(INDEX(Base_Bueiros!$D$5:$D$7,MATCH(_xlfn.MINIFS(Base_Bueiros!$F$5:$F$7,Base_Bueiros!$F$5:$F$7,">="&M21),Base_Bueiros!$F$5:$F$7,0)),"0,00")&"m",INDEX(Base_Bueiros!$C$8:$C$10,MATCH(_xlfn.MINIFS(Base_Bueiros!$F$8:$F$10,Base_Bueiros!$F$8:$F$10,">="&M21),Base_Bueiros!$F$8:$F$10,0))&" d="&TEXT(INDEX(Base_Bueiros!$D$8:$D$10,MATCH(_xlfn.MINIFS(Base_Bueiros!$F$8:$F$10,Base_Bueiros!$F$8:$F$10,">="&M21),Base_Bueiros!$F$8:$F$10,0)),"0,00")&"m"))) -> BTTC d= d=1,50m | S13: =IF(Q13="Não atende em canal 15 anos. Dimensionar para 25 anos",25,15) -> 15 | X13: ='BC01 (RAC)'!X13 -> ax | Z13: ='BC01 (RAC)'!Z13 -> b | AB13: ='BC01 (RAC)'!AB13 -> ax (1-24h) | AC13: Método para C
J14: 15 anos | K14: =$O$9*60 -> 29.95161 | L14: =IF($O$9<=1,(X14*LN((K14/60)))+Z14,(AB14*LN((K14/60)))+Z14) -> 65.027602 | N14: =L14/K14 -> 2.1710887 | Q14: =IF(M22>MAX(Base_Bueiros!$F$20:$F$28),"Não atende em orificio 25 anos. Dimensionar para 50 anos",TRIM(IFERROR(LEFT(INDEX(Base_Bueiros!$C$20:$C$28,MATCH(_xlfn.MINIFS(Base_Bueiros!$F$20:$F$28,Base_Bueiros!$F$20:$F$28,">="&M22),Base_Bueiros!$F$20:$F$28,0)),FIND(" OU ",INDEX(Base_Bueiros!$C$20:$C$28,MATCH(_xlfn.MINIFS(Base_Bueiros!$F$20:$F$28,Base_Bueiros!$F$20:$F$28,">="&M22),Base_Bueiros!$F$20:$F$28,0)))-1),INDEX(Base_Bueiros!$C$20:$C$28,MATCH(_xlfn.MINIFS(Base_Bueiros!$F$20:$F$28,Base_Bueiros!$F$20:$F$28,">="&M22),Base_Bueiros!$F$20:$F$28,0))))&" d="&INDEX(Base_Bueiros!$D$20:$D$28,MATCH(_xlfn.MINIFS(Base_Bueiros!$F$20:$F$28,Base_Bueiros!$F$20:$F$28,">="&M22),Base_Bueiros!$F$20:$F$28,0))&"m") -> BDTC d= d=1,50m | S14: =IF(Q14="Não atende em orifício 25 anos. Dimensionar para 50 anos",50,25) -> 25 | W14: 15 | X14: ='BC01 (RAC)'!X14 -> 26.41506 | Z14: ='BC01 (RAC)'!Z14 -> 83.379769 | AB14: ='BC01 (RAC)'!AB14 -> 24.188986 | AC14: =IF(C11="Plano","Tabelado",IF(C11="Ondulado","Tabelado",IF(C11="Montanhoso","Tabelado","Ponderado"))) -> Tabelado
J15: 25 anos | K15: =$O$9*60 -> 29.95161 | L15: =IF($O$9<=1,(X15*LN((K15/60)))+Z15,(AB15*LN((K15/60)))+Z15) -> 71.746316 | N15: =L15/K15 -> 2.3954077 | W15: 25 | X15: ='BC01 (RAC)'!X15 -> 29.043207 | Z15: ='BC01 (RAC)'!Z15 -> 91.924418 | AB15: ='BC01 (RAC)'!AB15 -> 26.572791
J16: 50 anos | K16: =$O$9*60 -> 29.95161 | L16: =IF($O$9<=1,(X16*LN((K16/60)))+Z16,(AB16*LN((K16/60)))+Z16) -> 80.509856 | N16: =L16/K16 -> 2.6879976 | W16: 50 | X16: ='BC01 (RAC)'!X16 -> 32.43716 | Z16: ='BC01 (RAC)'!Z16 -> 103.04595 | AB16: ='BC01 (RAC)'!AB16 -> 29.779923
J17: 100 anos | K17: =$O$9*60 -> 29.95161 | L17: =IF($O$9<=1,(X17*LN((K17/60)))+Z17,(AB17*LN((K17/60)))+Z17) -> 88.026444 | N17: =L17/K17 -> 2.9389554 | W17: 100 | X17: ='BC01 (RAC)'!X17 -> 37.177213 | Z17: ='BC01 (RAC)'!Z17 -> 113.85574 | AB17: ='BC01 (RAC)'!AB17 -> 33.004345
B20: COMPOSIÇÃO DE ÁREA "C" | J20: Resultados | K20: Recorrência | M20: Qmáx
D21: m² | E21: km² | F21: C | G21: % | K21: Q15 = | M21: =0.278*$O$8*(N14*60)*$E$6 -> 10.773578 | N21: m³/s
B22: Área total | D22: =E22*10^6 -> 1431112 | E22: =E6 -> 1.431112 | F22: - | G22: - | H22: - | K22: Q25 = | M22: =0.278*$O$8*(N15*60)*$E$6 -> 11.886714 | N22: m³/s
B23: Culturas e pastagens terraceadas | D23: =$D$22*G23 -> 1205568.8 | E23: =D23/10^6 -> 1.2055688 | F23: {=_xlfn.LET( _xlpm.superficie,B23, _xlpm.oro,$C$12, _xlpm.terreno,$C$11, _xlpm.metodo,$AC$14, _xlpm.linInicial,MATCH(_xlpm.superficie,C_CN_IP03!$B$4:$B$19,0), _xlpm.lin,_xlpm.linInicial+MATCH(_xlpm.oro,INDEX(C_CN_IP03!$C$4:$C$19,_xlpm.linInicial):INDEX(C_CN_IP03!$C$4:$C$19,_xlpm.linInicial+3),0)-1, IF( _xlpm.metodo="Tabelado", _xlfn.LET( _xlpm.col,MATCH(_xlpm.terreno,C_CN_IP03!$D$2:$I$2,0), INDEX(C_CN_IP03!$D$4:$I$19,_xlpm.lin,_xlpm.col) ), IF( _xlpm.metodo="Ponderado", IF( _xlpm.terreno="Levemente ondulado", AVERAGE( INDEX(C_CN_IP03!$D$4:$I$19,_xlpm.lin,1), INDEX(C_CN_IP03!$D$4:$I$19,_xlpm.lin,3) ), IF( _xlpm.terreno="Muito ondulado", AVERAGE( INDEX(C_CN_IP03!$D$4:$I$19,_xlpm.lin,3), INDEX(C_CN_IP03!$D$4:$I$19,_xlpm.lin,5) ), "Condição de terreno não reconhecida" ) ), "Método não reconhecido" ) ) )} -> 0.2 | G23: 0.8424 | H23: =(G23*(F23)) -> 0.16848 | K23: Q50 = | M23: =0.278*$O$8*(N16*60)*$E$6 -> 13.338631 | N23: m³/s
B24: Cerrados, pastagens e matas ralas | D24: =$D$22*G24 -> 225543.26 | E24: =D24/10^6 -> 0.22554326 | F24: {=_xlfn.LET( _xlpm.superficie,B24, _xlpm.oro,$C$12, _xlpm.terreno,$C$11, _xlpm.metodo,$AC$14, _xlpm.linInicial,MATCH(_xlpm.superficie,C_CN_IP03!$B$4:$B$19,0), _xlpm.lin,_xlpm.linInicial+MATCH(_xlpm.oro,INDEX(C_CN_IP03!$C$4:$C$19,_xlpm.linInicial):INDEX(C_CN_IP03!$C$4:$C$19,_xlpm.linInicial+3),0)-1, IF( _xlpm.metodo="Tabelado", _xlfn.LET( _xlpm.col,MATCH(_xlpm.terreno,C_CN_IP03!$D$2:$I$2,0), INDEX(C_CN_IP03!$D$4:$I$19,_xlpm.lin,_xlpm.col) ), IF( _xlpm.metodo="Ponderado", IF( _xlpm.terreno="Levemente ondulado", AVERAGE( INDEX(C_CN_IP03!$D$4:$I$19,_xlpm.lin,1), INDEX(C_CN_IP03!$D$4:$I$19,_xlpm.lin,3) ), IF( _xlpm.terreno="Muito ondulado", AVERAGE( INDEX(C_CN_IP03!$D$4:$I$19,_xlpm.lin,3), INDEX(C_CN_IP03!$D$4:$I$19,_xlpm.lin,5) ), "Condição de terreno não reconhecida" ) ), "Método não reconhecido" ) ) )} -> 0.25 | G24: 0.1576 | H24: =(G24*(F24)) -> 0.0394 | K24: Q100 = | M24: =0.278*$O$8*(N17*60)*$E$6 -> 14.583957 | N24: m³/s
B25: Áreas urbanizadas, Cerrados, pastagens | D25: - | E25: - | F25: - | G25: - | H25: -
B26: C adotado | H26: =SUM(H23:H25) -> 0.20788 | J26: OBRA PROJETADA
B27: * Tabela de coeficientes de C e CN - IP 03 – Goinfra – Estudos hidrológicos | J27: {=IFERROR(_xlfn.LET( _xlpm.Func,"Orif", _xlpm.Funcs,Base_Bueiros!$A$2:$A$37, _xlpm.Tipos,Base_Bueiros!$C$2:$C$37, _xlpm.Dims,Base_Bueiros!$D$2:$D$37, _xlpm.Vazoes,Base_Bueiros!$F$2:$F$37, _xlpm.DimNum,IFERROR(VALUE(TRIM(LEFT(_xlpm.Dims,FIND("x",_xlpm.Dims)-1))),VALUE(_xlpm.Dims)), _xlpm.Linhas,IF(MID(_xlpm.Tipos,2,1)="T",3,IF(MID(_xlpm.Tipos,2,1)="D",2,1)), _xlpm.EhTubular,MID(_xlpm.Tipos,3,1)="T", _xlpm.QNec,IF(ISNUMBER(FIND("Orif",_xlpm.Func)),IF(_xlpm.EhTubular,M22,M23),IF(_xlpm.EhTubular,M21,M22)), _xlpm.FiltroBase,(ISNUMBER(FIND(_xlpm.Func,_xlpm.Funcs)))*(_xlpm.Vazoes>=_xlpm.QNec), _xlpm.TemTubular,SUM(_xlpm.FiltroBase*_xlpm.EhTubular)>0, _xlpm.Filtro,_xlpm.FiltroBase*IF(_xlpm.TemTubular,_xlpm.EhTubular,NOT(_xlpm.EhTubular)), _xlpm.Prior1,IF(_xlpm.EhTubular,_xlpm.DimNum,_xlpm.Linhas), _xlpm.Prior2,IF(_xlpm.EhTubular,_xlpm.Linhas,_xlpm.DimNum), _xlpm.MenorPrior1,_xlfn.AGGREGATE(15,6,_xlpm.Prior1/_xlpm.Filtro,1), _xlpm.MenorPrior2,_xlfn.AGGREGATE(15,6,_xlpm.Prior2/(_xlpm.Filtro*(_xlpm.Prior1=_xlpm.MenorPrior1)),1), _xlpm.MenorVazao,_xlfn.AGGREGATE(15,6,_xlpm.Vazoes/(_xlpm.Filtro*(_xlpm.Prior1=_xlpm.MenorPrior1)*(_xlpm.Prior2=_xlpm.MenorPrior2)),1), _xlpm.Linha,MATCH(1,(_xlpm.Vazoes=_xlpm.MenorVazao)*(_xlpm.Filtro>0),0), _xlpm.Tipo,INDEX(_xlpm.Tipos,_xlpm.Linha), _xlpm.Dim,INDEX(_xlpm.Dims,_xlpm.Linha), _xlpm.EhTubularEscolhido,MID(_xlpm.Tipo,3,1)="T", _xlpm.Tipo&" "&IF(_xlpm.EhTubularEscolhido,_xlpm.Dim&"m",SUBSTITUTE(_xlpm.Dim,"0,00","")&"m") ),"Ponte")} -> BDTC d= 1,50m
J28: *Condição de funcionamento: orifício
J29: *Carga hidráulica: h=1,2*H
J31: OBRA PROJETADA
J32: {=IFERROR(_xlfn.LET( _xlpm.Func,"Canal", _xlpm.Funcs,Base_Bueiros!$A$2:$A$37, _xlpm.Tipos,Base_Bueiros!$C$2:$C$37, _xlpm.Dims,Base_Bueiros!$D$2:$D$37, _xlpm.Vazoes,Base_Bueiros!$F$2:$F$37, _xlpm.DimNum,IFERROR(VALUE(TRIM(LEFT(_xlpm.Dims,FIND("x",_xlpm.Dims)-1))),VALUE(_xlpm.Dims)), _xlpm.Linhas,IF(MID(_xlpm.Tipos,2,1)="T",3,IF(MID(_xlpm.Tipos,2,1)="D",2,1)), _xlpm.EhTubular,MID(_xlpm.Tipos,3,1)="T", _xlpm.QNec,IF(ISNUMBER(FIND("Orif",_xlpm.Func)),IF(_xlpm.EhTubular,M22,M23),IF(_xlpm.EhTubular,M21,M22)), _xlpm.FiltroBase,(ISNUMBER(FIND(_xlpm.Func,_xlpm.Funcs)))*(_xlpm.Vazoes>=_xlpm.QNec), _xlpm.TemTubular,SUM(_xlpm.FiltroBase*_xlpm.EhTubular)>0, _xlpm.Filtro,_xlpm.FiltroBase*IF(_xlpm.TemTubular,_xlpm.EhTubular,NOT(_xlpm.EhTubular)), _xlpm.Prior1,IF(_xlpm.EhTubular,_xlpm.DimNum,_xlpm.Linhas), _xlpm.Prior2,IF(_xlpm.EhTubular,_xlpm.Linhas,_xlpm.DimNum), _xlpm.MenorPrior1,_xlfn.AGGREGATE(15,6,_xlpm.Prior1/_xlpm.Filtro,1), _xlpm.MenorPrior2,_xlfn.AGGREGATE(15,6,_xlpm.Prior2/(_xlpm.Filtro*(_xlpm.Prior1=_xlpm.MenorPrior1)),1), _xlpm.MenorVazao,_xlfn.AGGREGATE(15,6,_xlpm.Vazoes/(_xlpm.Filtro*(_xlpm.Prior1=_xlpm.MenorPrior1)*(_xlpm.Prior2=_xlpm.MenorPrior2)),1), _xlpm.Linha,MATCH(1,(_xlpm.Vazoes=_xlpm.MenorVazao)*(_xlpm.Filtro>0),0), _xlpm.Tipo,INDEX(_xlpm.Tipos,_xlpm.Linha), _xlpm.Dim,INDEX(_xlpm.Dims,_xlpm.Linha), _xlpm.EhTubularEscolhido,MID(_xlpm.Tipo,3,1)="T", _xlpm.Tipo&" "&IF(_xlpm.EhTubularEscolhido,_xlpm.Dim&"m",SUBSTITUTE(_xlpm.Dim,"0,00","")&"m") ),"Ponte")} -> BTTC d= 1,50m
J33: *Condição de funcionamento: canal
J35: OBRA EXISTENTE
J36: ='Apresentação - Est. Hid.'!AK29 -> Ponte existente 9,80x4,00m

Sheet PERFIL BC11
B2: Ponto | C2: Cota (m) | D2: Distância (m) | E2: Distância Acumulada (Km) | F2: DHn (m) | G2: DLn (km) | H2: Sn (m/km)
B3: C | C3: 687 | D3: 0 | E3: =D3/1000 -> 0 | F3: 0 | G3: 0 | H3: 0 | J3: Validação por macro
B4: 1 | C4: 678 | D4: 100 | E4: =D4/1000 -> 0.1 | F4: =C3-C4 -> 9 | G4: =E4-E3 -> 0.1 | H4: =F4/G4 -> 90 | J4: Sef (m/km) | K4: =(((E17/((G4/SQRT(H4))+(G5/SQRT(H5))+(G6/SQRT(H6))+(G7/SQRT(H7))+(G8/SQRT(H8))+(G9/SQRT(H9))+(G10/SQRT(H10))+(G11/SQRT(H11))+(G12/SQRT(H12))+(G13/SQRT(H13))+(G14/SQRT(H14))+(G15/SQRT(H15))+(G16/SQRT(H16))+(G17/SQRT(H17))))^2)/1000)*1000 -> 28.553088
B5: 2 | C5: 670 | D5: =D4+100 -> 200 | E5: =D5/1000 -> 0.2 | F5: =C4-C5 -> 8 | G5: =E5-E4 -> 0.1 | H5: =F5/G5 -> 80 | J5: Sef (m/m) | K5: =((E17/((G4/SQRT(H4))+(G5/SQRT(H5))+(G6/SQRT(H6))+(G7/SQRT(H7))+(G8/SQRT(H8))+(G9/SQRT(H9))+(G10/SQRT(H10))+(G11/SQRT(H11))+(G12/SQRT(H12))+(G13/SQRT(H13))+(G14/SQRT(H14))+(G15/SQRT(H15))+(G16/SQRT(H16))+(G17/SQRT(H17))))^2)/1000 -> 0.028553088
B6: 3 | C6: 662 | D6: =D5+100 -> 300 | E6: =D6/1000 -> 0.3 | F6: =C5-C6 -> 8 | G6: =E6-E5 -> 0.1 | H6: =F6/G6 -> 80 | J6: Sef (%) | K6: =(((E17/((G4/SQRT(H4))+(G5/SQRT(H5))+(G6/SQRT(H6))+(G7/SQRT(H7))+(G8/SQRT(H8))+(G9/SQRT(H9))+(G10/SQRT(H10))+(G11/SQRT(H11))+(G12/SQRT(H12))+(G13/SQRT(H13))+(G14/SQRT(H14))+(G15/SQRT(H15))+(G16/SQRT(H16))+(G17/SQRT(H17))))^2)/1000)*100 -> 2.8553088
B7: 4 | C7: 655 | D7: =D6+100 -> 400 | E7: =D7/1000 -> 0.4 | F7: =C6-C7 -> 7 | G7: =E7-E6 -> 0.1 | H7: =F7/G7 -> 70
B8: 5 | C8: 650 | D8: =D7+100 -> 500 | E8: =D8/1000 -> 0.5 | F8: =C7-C8 -> 5 | G8: =E8-E7 -> 0.1 | H8: =F8/G8 -> 50
B9: 6 | C9: 644 | D9: =D8+100 -> 600 | E9: =D9/1000 -> 0.6 | F9: =C8-C9 -> 6 | G9: =E9-E8 -> 0.1 | H9: =F9/G9 -> 60
B10: 7 | C10: 641 | D10: =D9+100 -> 700 | E10: =D10/1000 -> 0.7 | F10: =C9-C10 -> 3 | G10: =E10-E9 -> 0.1 | H10: =F10/G10 -> 30
B11: 8 | C11: 638 | D11: =D10+100 -> 800 | E11: =D11/1000 -> 0.8 | F11: =C10-C11 -> 3 | G11: =E11-E10 -> 0.1 | H11: =F11/G11 -> 30
B12: 9 | C12: 635 | D12: =D11+100 -> 900 | E12: =D12/1000 -> 0.9 | F12: =C11-C12 -> 3 | G12: =E12-E11 -> 0.1 | H12: =F12/G12 -> 30
B13: 10 | C13: 634 | D13: =D12+100 -> 1000 | E13: =D13/1000 -> 1 | F13: =C12-C13 -> 1 | G13: =E13-E12 -> 0.1 | H13: =F13/G13 -> 10
B14: 11 | C14: 631 | D14: =D13+100 -> 1100 | E14: =D14/1000 -> 1.1 | F14: =C13-C14 -> 3 | G14: =E14-E13 -> 0.1 | H14: =F14/G14 -> 30
B15: 12 | C15: 630 | D15: =D14+100 -> 1200 | E15: =D15/1000 -> 1.2 | F15: =C14-C15 -> 1 | G15: =E15-E14 -> 0.1 | H15: =F15/G15 -> 10
B16: 13 | C16: 629 | D16: =D15+100 -> 1300 | E16: =D16/1000 -> 1.3 | F16: =C15-C16 -> 1 | G16: =E16-E15 -> 0.1 | H16: =F16/G16 -> 10
B17: E | C17: 628 | D17: ='BC11 (RAC)'!E7*1000 -> 1360.0748 | E17: =D17/1000 -> 1.3600748 | F17: =C16-C17 -> 1 | G17: =E17-E16 -> 0.060074774 | H17: =F17/G17 -> 16.645922
B19: Sef = | C19: =(((E17/((G4/SQRT(H4))+(G5/SQRT(H5))+(G6/SQRT(H6))+(G7/SQRT(H7))+(G8/SQRT(H8))+(G9/SQRT(H9))+(G10/SQRT(H10))+(G11/SQRT(H11))+(G12/SQRT(H12))+(G13/SQRT(H13))+(G14/SQRT(H14))+(G15/SQRT(H15))+(G16/SQRT(H16))+(G17/SQRT(H17))))^2)/1000)*1000 -> 28.553088 | D19: (m/km) | E19: m/km
B20: Sef = | C20: =C19/1000 -> 0.028553088 | D20: (m/m) | E20: m/m
B21: Sef = | C21: =C20*100 -> 2.8553088 | D21: (%) | E21: %
B39: ="Perfil Longitudinal - "&'BC11 (RAC)'!E5 -> Perfil Longitudinal - Córrego Landim

Sheet BC12 (RAC)
A1: ESTUDOS HIDROLÓGICOS
A2: Método Racional | Q2: UTILIZAR TABELA QUADRO DE CHUVAS ISOZONAS DADOS PLUVIOMÉTRICOS
B3: Estaca: | E3: 1069 | F3: + | G3: 0 | T3: DECLIVIDADE EFETIVA (%): | U3: ='PERFIL BC12'!C13 -> 0.84315883
B4: VIA : | E4: GO-116 | F4: GREIDE | K4: TEMPO DE RECORRÊNCIA : | N4: 15 | O4: anos | T4: DECLIVIDADE MÉDIA (%): | U4: =100*(E8/(E7*1000)) -> 1.3363122
B5: CURSO D'ÁGUA : | E5: Sem talvegue permanente | K5: TEMPO DE RECORRÊNCIA : | N5: 25 | O5: anos
B6: ÁREA DE CONTRIBUIÇÃO (km²) : | E6: =VLOOKUP(F10,'AUX BACIAS'!$A$2:$D$13,3,0) -> 0.8612627 | K6: TEMPO DE RECORRÊNCIA : | N6: 50 | O6: anos
B7: COMP. DO TALVEGUE (km) : | E7: =(VLOOKUP(F10,'AUX BACIAS'!$A$2:$D$13,4,0)/1000) -> 1.571489 | K7: TEMPO DE RECORRÊNCIA : | N7: 100 | O7: anos
B8: DESNÍVEL (m) : | E8: =(INDEX('PERFIL BC12'!$C:$C,MATCH("C",'PERFIL BC12'!$B:$B,0))-INDEX('PERFIL BC12'!$C:$C,MATCH("E",'PERFIL BC12'!$B:$B,0))) -> 21 | K8: COEFICIENTE C: | O8: =H26 -> 0.240305
B9: DECLIVIDADE EFETIVA (%) : | E9: =IF(U3>U4,U4,U3) -> 0.84315883 | K9: TEMPO DE CONCENTRAÇÃO Tc (h) : | O9: =IF(E6<=0.8,0.39*(E7^2/E9)^0.385,0.59*(E7^2/E9)^0.385) -> 0.89235289
E10: Nº Bacia: | F10: {=MID(RIGHT(CELL("nome.arquivo",A1),LEN(CELL("nome.arquivo",A1)) - SEARCH("]",CELL("nome.arquivo",A1))),1,4)} -> BC12
B11: Tipo de Relevo | C11: =IF(E9<=2,"Plano",IF(AND(E9>2,E9<=5),"Levemente ondulado",IF(AND(E9>5,E9<=10),"Ondulado",IF(AND(E9>10,E9<=20),"Muito ondulado",IF(AND(E9>20,E9<=50),"Montanhoso",IF(AND(E9>50,E9<=100),"Muito montanhoso","Escarpado")))))) -> Plano
B12: Orografia | C12: B | J12: CHUVA DE PROJETO | Q12: Auxiliar - Não apagar
B13: * Classificação de orografia segundo a IP 03 – Goinfra – Estudos hidrológicos | J13: TR | K13: D tc (min) | L13: Po (mm) | N13: I (mm/min) | Q13: =IF(M21>MAX(Base_Bueiros!$F$2:$F$10),"Não atende em canal 15 anos. Dimensionar para 25 anos",IF(M21<=MAX(Base_Bueiros!$F$2:$F$4),INDEX(Base_Bueiros!$C$2:$C$4,MATCH(_xlfn.MINIFS(Base_Bueiros!$F$2:$F$4,Base_Bueiros!$F$2:$F$4,">="&M21),Base_Bueiros!$F$2:$F$4,0))&" d="&TEXT(INDEX(Base_Bueiros!$D$2:$D$4,MATCH(_xlfn.MINIFS(Base_Bueiros!$F$2:$F$4,Base_Bueiros!$F$2:$F$4,">="&M21),Base_Bueiros!$F$2:$F$4,0)),"0,00")&"m",IF(M21<=MAX(Base_Bueiros!$F$5:$F$7),INDEX(Base_Bueiros!$C$5:$C$7,MATCH(_xlfn.MINIFS(Base_Bueiros!$F$5:$F$7,Base_Bueiros!$F$5:$F$7,">="&M21),Base_Bueiros!$F$5:$F$7,0))&" d="&TEXT(INDEX(Base_Bueiros!$D$5:$D$7,MATCH(_xlfn.MINIFS(Base_Bueiros!$F$5:$F$7,Base_Bueiros!$F$5:$F$7,">="&M21),Base_Bueiros!$F$5:$F$7,0)),"0,00")&"m",INDEX(Base_Bueiros!$C$8:$C$10,MATCH(_xlfn.MINIFS(Base_Bueiros!$F$8:$F$10,Base_Bueiros!$F$8:$F$10,">="&M21),Base_Bueiros!$F$8:$F$10,0))&" d="&TEXT(INDEX(Base_Bueiros!$D$8:$D$10,MATCH(_xlfn.MINIFS(Base_Bueiros!$F$8:$F$10,Base_Bueiros!$F$8:$F$10,">="&M21),Base_Bueiros!$F$8:$F$10,0)),"0,00")&"m"))) -> BDTC d= d=1,50m | S13: =IF(Q13="Não atende em canal 15 anos. Dimensionar para 25 anos",25,15) -> 15 | X13: ='BC01 (RAC)'!X13 -> ax | Z13: ='BC01 (RAC)'!Z13 -> b | AB13: ='BC01 (RAC)'!AB13 -> ax (1-24h) | AC13: Método para C
J14: 15 anos | K14: =$O$9*60 -> 53.541173 | L14: =IF($O$9<=1,(X14*LN((K14/60)))+Z14,(AB14*LN((K14/60)))+Z14) -> 80.371262 | N14: =L14/K14 -> 1.5011113 | Q14: =IF(M22>MAX(Base_Bueiros!$F$20:$F$28),"Não atende em orificio 25 anos. Dimensionar para 50 anos",TRIM(IFERROR(LEFT(INDEX(Base_Bueiros!$C$20:$C$28,MATCH(_xlfn.MINIFS(Base_Bueiros!$F$20:$F$28,Base_Bueiros!$F$20:$F$28,">="&M22),Base_Bueiros!$F$20:$F$28,0)),FIND(" OU ",INDEX(Base_Bueiros!$C$20:$C$28,MATCH(_xlfn.MINIFS(Base_Bueiros!$F$20:$F$28,Base_Bueiros!$F$20:$F$28,">="&M22),Base_Bueiros!$F$20:$F$28,0)))-1),INDEX(Base_Bueiros!$C$20:$C$28,MATCH(_xlfn.MINIFS(Base_Bueiros!$F$20:$F$28,Base_Bueiros!$F$20:$F$28,">="&M22),Base_Bueiros!$F$20:$F$28,0))))&" d="&INDEX(Base_Bueiros!$D$20:$D$28,MATCH(_xlfn.MINIFS(Base_Bueiros!$F$20:$F$28,Base_Bueiros!$F$20:$F$28,">="&M22),Base_Bueiros!$F$20:$F$28,0))&"m") -> BSTC d= d=1,50m | S14: =IF(Q14="Não atende em orifício 25 anos. Dimensionar para 50 anos",50,25) -> 25 | W14: 15 | X14: ='BC01 (RAC)'!X14 -> 26.41506 | Z14: ='BC01 (RAC)'!Z14 -> 83.379769 | AB14: ='BC01 (RAC)'!AB14 -> 24.188986 | AC14: =IF(C11="Plano","Tabelado",IF(C11="Ondulado","Tabelado",IF(C11="Montanhoso","Tabelado","Ponderado"))) -> Tabelado
J15: 25 anos | K15: =$O$9*60 -> 53.541173 | L15: =IF($O$9<=1,(X15*LN((K15/60)))+Z15,(AB15*LN((K15/60)))+Z15) -> 88.616582 | N15: =L15/K15 -> 1.6551109 | W15: 25 | X15: ='BC01 (RAC)'!X15 -> 29.043207 | Z15: ='BC01 (RAC)'!Z15 -> 91.924418 | AB15: ='BC01 (RAC)'!AB15 -> 26.572791
J16: 50 anos | K16: =$O$9*60 -> 53.541173 | L16: =IF($O$9<=1,(X16*LN((K16/60)))+Z16,(AB16*LN((K16/60)))+Z16) -> 99.35156 | N16: =L16/K16 -> 1.8556104 | W16: 50 | X16: ='BC01 (RAC)'!X16 -> 32.43716 | Z16: ='BC01 (RAC)'!Z16 -> 103.04595 | AB16: ='BC01 (RAC)'!AB16 -> 29.779923
J17: 100 anos | K17: =$O$9*60 -> 53.541173 | L17: =IF($O$9<=1,(X17*LN((K17/60)))+Z17,(AB17*LN((K17/60)))+Z17) -> 109.62149 | N17: =L17/K17 -> 2.0474242 | W17: 100 | X17: ='BC01 (RAC)'!X17 -> 37.177213 | Z17: ='BC01 (RAC)'!Z17 -> 113.85574 | AB17: ='BC01 (RAC)'!AB17 -> 33.004345
B20: COMPOSIÇÃO DE ÁREA "C" | J20: Resultados | K20: Recorrência | M20: Qmáx
D21: m² | E21: km² | F21: C | G21: % | K21: Q15 = | M21: =0.278*$O$8*(N14*60)*$E$6 -> 5.1821192 | N21: m³/s
B22: Área total | D22: =E22*10^6 -> 861262.7 | E22: =E6 -> 0.8612627 | F22: - | G22: - | H22: - | K22: Q25 = | M22: =0.278*$O$8*(N15*60)*$E$6 -> 5.7137548 | N22: m³/s
B23: Culturas e pastagens terraceadas | D23: =$D$22*G23 -> 166998.84 | E23: =D23/10^6 -> 0.16699884 | F23: {=_xlfn.LET( _xlpm.superficie,B23, _xlpm.oro,$C$12, _xlpm.terreno,$C$11, _xlpm.metodo,$AC$14, _xlpm.linInicial,MATCH(_xlpm.superficie,C_CN_IP03!$B$4:$B$19,0), _xlpm.lin,_xlpm.linInicial+MATCH(_xlpm.oro,INDEX(C_CN_IP03!$C$4:$C$19,_xlpm.linInicial):INDEX(C_CN_IP03!$C$4:$C$19,_xlpm.linInicial+3),0)-1, IF( _xlpm.metodo="Tabelado", _xlfn.LET( _xlpm.col,MATCH(_xlpm.terreno,C_CN_IP03!$D$2:$I$2,0), INDEX(C_CN_IP03!$D$4:$I$19,_xlpm.lin,_xlpm.col) ), IF( _xlpm.metodo="Ponderado", IF( _xlpm.terreno="Levemente ondulado", AVERAGE( INDEX(C_CN_IP03!$D$4:$I$19,_xlpm.lin,1), INDEX(C_CN_IP03!$D$4:$I$19,_xlpm.lin,3) ), IF( _xlpm.terreno="Muito ondulado", AVERAGE( INDEX(C_CN_IP03!$D$4:$I$19,_xlpm.lin,3), INDEX(C_CN_IP03!$D$4:$I$19,_xlpm.lin,5) ), "Condição de terreno não reconhecida" ) ), "Método não reconhecido" ) ) )} -> 0.2 | G23: 0.1939 | H23: =(G23*(F23)) -> 0.03878 | K23: Q50 = | M23: =0.278*$O$8*(N16*60)*$E$6 -> 6.4059169 | N23: m³/s
B24: Cerrados, pastagens e matas ralas | D24: =$D$22*G24 -> 694263.86 | E24: =D24/10^6 -> 0.69426386 | F24: {=_xlfn.LET( _xlpm.superficie,B24, _xlpm.oro,$C$12, _xlpm.terreno,$C$11, _xlpm.metodo,$AC$14, _xlpm.linInicial,MATCH(_xlpm.superficie,C_CN_IP03!$B$4:$B$19,0), _xlpm.lin,_xlpm.linInicial+MATCH(_xlpm.oro,INDEX(C_CN_IP03!$C$4:$C$19,_xlpm.linInicial):INDEX(C_CN_IP03!$C$4:$C$19,_xlpm.linInicial+3),0)-1, IF( _xlpm.metodo="Tabelado", _xlfn.LET( _xlpm.col,MATCH(_xlpm.terreno,C_CN_IP03!$D$2:$I$2,0), INDEX(C_CN_IP03!$D$4:$I$19,_xlpm.lin,_xlpm.col) ), IF( _xlpm.metodo="Ponderado", IF( _xlpm.terreno="Levemente ondulado", AVERAGE( INDEX(C_CN_IP03!$D$4:$I$19,_xlpm.lin,1), INDEX(C_CN_IP03!$D$4:$I$19,_xlpm.lin,3) ), IF( _xlpm.terreno="Muito ondulado", AVERAGE( INDEX(C_CN_IP03!$D$4:$I$19,_xlpm.lin,3), INDEX(C_CN_IP03!$D$4:$I$19,_xlpm.lin,5) ), "Condição de terreno não reconhecida" ) ), "Método não reconhecido" ) ) )} -> 0.25 | G24: 0.8061 | H24: =(G24*(F24)) -> 0.201525 | K24: Q100 = | M24: =0.278*$O$8*(N17*60)*$E$6 -> 7.0680941 | N24: m³/s
B25: Áreas urbanizadas, Cerrados, pastagens | D25: - | E25: - | F25: - | G25: - | H25: -
B26: C adotado | H26: =SUM(H23:H25) -> 0.240305 | J26: OBRA PROJETADA
B27: * Tabela de coeficientes de C e CN - IP 03 – Goinfra – Estudos hidrológicos | J27: {=IFERROR(_xlfn.LET( _xlpm.Func,"Orif", _xlpm.Funcs,Base_Bueiros!$A$2:$A$37, _xlpm.Tipos,Base_Bueiros!$C$2:$C$37, _xlpm.Dims,Base_Bueiros!$D$2:$D$37, _xlpm.Vazoes,Base_Bueiros!$F$2:$F$37, _xlpm.DimNum,IFERROR(VALUE(TRIM(LEFT(_xlpm.Dims,FIND("x",_xlpm.Dims)-1))),VALUE(_xlpm.Dims)), _xlpm.Linhas,IF(MID(_xlpm.Tipos,2,1)="T",3,IF(MID(_xlpm.Tipos,2,1)="D",2,1)), _xlpm.EhTubular,MID(_xlpm.Tipos,3,1)="T", _xlpm.QNec,IF(ISNUMBER(FIND("Orif",_xlpm.Func)),IF(_xlpm.EhTubular,M22,M23),IF(_xlpm.EhTubular,M21,M22)), _xlpm.FiltroBase,(ISNUMBER(FIND(_xlpm.Func,_xlpm.Funcs)))*(_xlpm.Vazoes>=_xlpm.QNec), _xlpm.TemTubular,SUM(_xlpm.FiltroBase*_xlpm.EhTubular)>0, _xlpm.Filtro,_xlpm.FiltroBase*IF(_xlpm.TemTubular,_xlpm.EhTubular,NOT(_xlpm.EhTubular)), _xlpm.Prior1,IF(_xlpm.EhTubular,_xlpm.DimNum,_xlpm.Linhas), _xlpm.Prior2,IF(_xlpm.EhTubular,_xlpm.Linhas,_xlpm.DimNum), _xlpm.MenorPrior1,_xlfn.AGGREGATE(15,6,_xlpm.Prior1/_xlpm.Filtro,1), _xlpm.MenorPrior2,_xlfn.AGGREGATE(15,6,_xlpm.Prior2/(_xlpm.Filtro*(_xlpm.Prior1=_xlpm.MenorPrior1)),1), _xlpm.MenorVazao,_xlfn.AGGREGATE(15,6,_xlpm.Vazoes/(_xlpm.Filtro*(_xlpm.Prior1=_xlpm.MenorPrior1)*(_xlpm.Prior2=_xlpm.MenorPrior2)),1), _xlpm.Linha,MATCH(1,(_xlpm.Vazoes=_xlpm.MenorVazao)*(_xlpm.Filtro>0),0), _xlpm.Tipo,INDEX(_xlpm.Tipos,_xlpm.Linha), _xlpm.Dim,INDEX(_xlpm.Dims,_xlpm.Linha), _xlpm.EhTubularEscolhido,MID(_xlpm.Tipo,3,1)="T", _xlpm.Tipo&" "&IF(_xlpm.EhTubularEscolhido,_xlpm.Dim&"m",SUBSTITUTE(_xlpm.Dim,"0,00","")&"m") ),"Ponte")} -> BTTC d= 1,00m
J28: *Condição de funcionamento: orifício
J29: *Carga hidráulica: h=1,2*H
J31: OBRA PROJETADA
J32: {=IFERROR(_xlfn.LET( _xlpm.Func,"Canal", _xlpm.Funcs,Base_Bueiros!$A$2:$A$37, _xlpm.Tipos,Base_Bueiros!$C$2:$C$37, _xlpm.Dims,Base_Bueiros!$D$2:$D$37, _xlpm.Vazoes,Base_Bueiros!$F$2:$F$37, _xlpm.DimNum,IFERROR(VALUE(TRIM(LEFT(_xlpm.Dims,FIND("x",_xlpm.Dims)-1))),VALUE(_xlpm.Dims)), _xlpm.Linhas,IF(MID(_xlpm.Tipos,2,1)="T",3,IF(MID(_xlpm.Tipos,2,1)="D",2,1)), _xlpm.EhTubular,MID(_xlpm.Tipos,3,1)="T", _xlpm.QNec,IF(ISNUMBER(FIND("Orif",_xlpm.Func)),IF(_xlpm.EhTubular,M22,M23),IF(_xlpm.EhTubular,M21,M22)), _xlpm.FiltroBase,(ISNUMBER(FIND(_xlpm.Func,_xlpm.Funcs)))*(_xlpm.Vazoes>=_xlpm.QNec), _xlpm.TemTubular,SUM(_xlpm.FiltroBase*_xlpm.EhTubular)>0, _xlpm.Filtro,_xlpm.FiltroBase*IF(_xlpm.TemTubular,_xlpm.EhTubular,NOT(_xlpm.EhTubular)), _xlpm.Prior1,IF(_xlpm.EhTubular,_xlpm.DimNum,_xlpm.Linhas), _xlpm.Prior2,IF(_xlpm.EhTubular,_xlpm.Linhas,_xlpm.DimNum), _xlpm.MenorPrior1,_xlfn.AGGREGATE(15,6,_xlpm.Prior1/_xlpm.Filtro,1), _xlpm.MenorPrior2,_xlfn.AGGREGATE(15,6,_xlpm.Prior2/(_xlpm.Filtro*(_xlpm.Prior1=_xlpm.MenorPrior1)),1), _xlpm.MenorVazao,_xlfn.AGGREGATE(15,6,_xlpm.Vazoes/(_xlpm.Filtro*(_xlpm.Prior1=_xlpm.MenorPrior1)*(_xlpm.Prior2=_xlpm.MenorPrior2)),1), _xlpm.Linha,MATCH(1,(_xlpm.Vazoes=_xlpm.MenorVazao)*(_xlpm.Filtro>0),0), _xlpm.Tipo,INDEX(_xlpm.Tipos,_xlpm.Linha), _xlpm.Dim,INDEX(_xlpm.Dims,_xlpm.Linha), _xlpm.EhTubularEscolhido,MID(_xlpm.Tipo,3,1)="T", _xlpm.Tipo&" "&IF(_xlpm.EhTubularEscolhido,_xlpm.Dim&"m",SUBSTITUTE(_xlpm.Dim,"0,00","")&"m") ),"Ponte")} -> BTTC d= 1,20m
J33: *Condição de funcionamento: canal
J35: OBRA EXISTENTE
J36: ='Apresentação - Est. Hid.'!AK30 -> -

Sheet PERFIL BC12
B2: Ponto | C2: Cota (m) | D2: Distância (m) | E2: Distância Acumulada (Km) | F2: DHn (m) | G2: DLn (km) | H2: Sn (m/km)
B3: C | C3: 631 | D3: 0 | E3: =D3/1000 -> 0 | F3: 0 | G3: 0 | H3: 0 | J3: Validação por macro
B4: 1 | C4: 629 | D4: 250 | E4: =D4/1000 -> 0.25 | F4: =C3-C4 -> 2 | G4: =E4-E3 -> 0.25 | H4: =F4/G4 -> 8 | J4: Sef (m/km) | K4: =(((E9/((G4/SQRT(H4))+(G5/SQRT(H5))+(G6/SQRT(H6))+(G7/SQRT(H7))+(G8/SQRT(H8))+(G9/SQRT(H9))))^2)/1000)*1000 -> 8.4315883
B5: 2 | C5: 628 | D5: =D4+$D$4 -> 500 | E5: =D5/1000 -> 0.5 | F5: =C4-C5 -> 1 | G5: =E5-E4 -> 0.25 | H5: =F5/G5 -> 4 | J5: Sef (m/m) | K5: =((E9/((G4/SQRT(H4))+(G5/SQRT(H5))+(G6/SQRT(H6))+(G7/SQRT(H7))+(G8/SQRT(H8))+(G9/SQRT(H9))))^2)/1000 -> 0.0084315883
B6: 3 | C6: 623 | D6: =D5+$D$4 -> 750 | E6: =D6/1000 -> 0.75 | F6: =C5-C6 -> 5 | G6: =E6-E5 -> 0.25 | H6: =F6/G6 -> 20 | J6: Sef (%) | K6: =(((E9/((G4/SQRT(H4))+(G5/SQRT(H5))+(G6/SQRT(H6))+(G7/SQRT(H7))+(G8/SQRT(H8))+(G9/SQRT(H9))))^2)/1000)*100 -> 0.84315883
B7: 4 | C7: 614 | D7: =D6+$D$4 -> 1000 | E7: =D7/1000 -> 1 | F7: =C6-C7 -> 9 | G7: =E7-E6 -> 0.25 | H7: =F7/G7 -> 36
B8: 5 | C8: 613 | D8: =D7+$D$4 -> 1250 | E8: =D8/1000 -> 1.25 | F8: =C7-C8 -> 1 | G8: =E8-E7 -> 0.25 | H8: =F8/G8 -> 4
B9: E | C9: 610 | D9: ='BC12 (RAC)'!E7*1000 -> 1571.489 | E9: =D9/1000 -> 1.571489 | F9: =C8-C9 -> 3 | G9: =E9-E8 -> 0.321489 | H9: =F9/G9 -> 9.331579
B11: Sef = | C11: =(((E9/((G4/SQRT(H4))+(G5/SQRT(H5))+(G6/SQRT(H6))+(G7/SQRT(H7))+(G8/SQRT(H8))+(G9/SQRT(H9))))^2)/1000)*1000 -> 8.4315883 | D11: (m/km) | E11: m/km
B12: Sef = | C12: =C11/1000 -> 0.0084315883 | D12: (m/m) | E12: m/m
B13: Sef = | C13: =C12*100 -> 0.84315883 | D13: (%) | E13: %
B28: ="Perfil Longitudinal - "&'BC12 (RAC)'!E5 -> Perfil Longitudinal - Sem talvegue permanente

Sheet Apresentação  - Est. Hid.
B3: Resumo Existente - Eixo
B5: COD. BACIA | C5: COD. BUEIRO | D5: ESTACAS | G5: DESCRIÇÃO | H5: ÁREA (km²) | I5: COMPRIMENTO TALVEGUE (km) | J5: DESNÍVEL (m) | K5: i efetiva da bacia% | L5: Tc (h) | M5: C / CN | N5: Método | O5: Intensidade 15 anos (mm/min) | P5: Intensidade 25 anos (mm/min) | Q5: Intensidade 50 anos (mm/min) | R5: Intensidade 100 anos (mm/min) | S5: Q (m³/s) [15 anos | T5: Q (m³/s) [25 anos | U5: Q (m³/s) [50 anos | V5: Q (m³/s) [100 anos | W5: Carga Hidráulica | Y5: Área Molhada como orifício (m²) | Z5: Perímetro Molhado como orifício (m) | AA5: Área Molhada como canal (m²) | AB5: Perímetro Molhado como canal (m) | AK5: Obra Exist. | AL5: Obra Proj. como orifício | AM5: Obra Proj. como canal | AN5: Ponte Projetada | AO5: Condição da Obra | AP5: Serviço
B6: BC03 | C6: =MID(VLOOKUP(B6,$B$19:$AP$30,2),1,3) -> B03 | D6: =VLOOKUP(B6,$B$19:$AP$30,3) -> 148 | E6: =VLOOKUP(B6,$B$19:$AP$30,4) -> + | F6: =VLOOKUP(B6,$B$19:$AP$30,5) -> 7.27 | G6: =VLOOKUP(C6,$B$19:$AP$30,5) -> #N/A | H6: =VLOOKUP(B6,$B$19:$AP$30,7) -> 5.5221224 | I6: =VLOOKUP(B6,$B$19:$AP$30,8) -> 4.4800612 | J6: =VLOOKUP(B6,$B$19:$AP$30,9) -> 520 | K6: =VLOOKUP(B6,$B$19:$AP$30,10) -> 5.1960506 | L6: =VLOOKUP(B6,$B$19:$AP$30,11) -> 0.99267345 | M6: =VLOOKUP(B6,$B$19:$AP$30,12) -> 0.35 | N6: =VLOOKUP(B6,$B$19:$AP$30,13) -> RAC MOD | O6: =VLOOKUP(B6,$B$19:$AP$30,14) -> 1.3966581 | P6: =VLOOKUP(B6,$B$19:$AP$30,15) -> 1.5397955 | Q6: =VLOOKUP(B6,$B$19:$AP$30,16) -> 1.7261034 | R6: =VLOOKUP(B6,$B$19:$AP$30,17) -> 1.9070111 | S6: =VLOOKUP(B6,$B$19:$AP$30,18) -> 31.277295 | T6: =VLOOKUP(B6,$B$19:$AP$30,19) -> 34.482769 | U6: =VLOOKUP(B6,$B$19:$AP$30,20) -> 38.655017 | V6: =VLOOKUP(B6,$B$19:$AP$30,21) -> 42.706334 | W6: =VLOOKUP(B6,$B$19:$AP$30,22) -> 3.6 | Y6: =VLOOKUP(B6,$B$19:$AP$30,24) -> 7.1893823 | Z6: =VLOOKUP(B6,$B$19:$AP$30,25) -> 9.4247765 | AA6: =VLOOKUP(B6,$B$19:$AP$30,26) -> 0.741 | AB6: =VLOOKUP(B6,$B$19:$AP$30,27) -> 2.183 | AC6: - | AD6: - | AE6: - | AF6: - | AG6: - | AH6: - | AI6: - | AJ6: - | AK6: =VLOOKUP(B6,$B$19:$AP$30,36) -> Ponte existente 9,50x4,00m | AL6: =VLOOKUP(B6,$B$19:$AP$30,37) -> BSCC 3,00 x 3,00m | AM6: =VLOOKUP(B6,$B$19:$AP$30,38) -> BDCC 3,00 x 3,00m | AN6: =VLOOKUP(B6,$B$19:$AP$30,39) -> - | AO6: =VLOOKUP(B6,$B$19:$AP$30,40) -> - | AP6: =VLOOKUP(B6,$B$19:$AP$30,41) -> Substituir obra existente
B7: BC04 | C7: =MID(VLOOKUP(B7,$B$19:$AP$30,2),1,3) -> B04 | D7: =VLOOKUP(B7,$B$19:$AP$30,3) -> 214 | E7: =VLOOKUP(B7,$B$19:$AP$30,4) -> + | F7: =VLOOKUP(B7,$B$19:$AP$30,5) -> 13.34 | G7: BUEIRO GREIDE | H7: =VLOOKUP(B7,$B$19:$AP$30,7) -> 5.0371131 | I7: =VLOOKUP(B7,$B$19:$AP$30,8) -> 4.4738852 | J7: =VLOOKUP(B7,$B$19:$AP$30,9) -> 501 | K7: =VLOOKUP(B7,$B$19:$AP$30,10) -> 3.1404046 | L7: =VLOOKUP(B7,$B$19:$AP$30,11) -> 1.2037599 | M7: =VLOOKUP(B7,$B$19:$AP$30,12) -> 0.35 | N7: =VLOOKUP(B7,$B$19:$AP$30,13) -> RAC MOD | O7: =VLOOKUP(B7,$B$19:$AP$30,14) -> 1.216544 | P7: =VLOOKUP(B7,$B$19:$AP$30,15) -> 1.3409698 | Q7: =VLOOKUP(B7,$B$19:$AP$30,16) -> 1.5031878 | R7: =VLOOKUP(B7,$B$19:$AP$30,17) -> 1.661134 | S7: =VLOOKUP(B7,$B$19:$AP$30,18) -> 25.346999 | T7: =VLOOKUP(B7,$B$19:$AP$30,19) -> 27.939441 | U7: =VLOOKUP(B7,$B$19:$AP$30,20) -> 31.319294 | V7: =VLOOKUP(B7,$B$19:$AP$30,21) -> 34.610144 | W7: =VLOOKUP(B7,$B$19:$AP$30,22) -> 3.6 | Y7: =VLOOKUP(B7,$B$19:$AP$30,24) -> 5.8251507 | Z7: =VLOOKUP(B7,$B$19:$AP$30,25) -> 6.4093947 | AA7: =VLOOKUP(B7,$B$19:$AP$30,26) -> 0.475 | AB7: =VLOOKUP(B7,$B$19:$AP$30,27) -> 1.737 | AC7: - | AD7: - | AE7: - | AF7: - | AG7: - | AH7: - | AI7: - | AJ7: - | AK7: =VLOOKUP(B7,$B$19:$AP$30,36) -> Ponte existente 15,00x3,90m | AL7: =VLOOKUP(B7,$B$19:$AP$30,37) -> BSCC 3,00 x 3,00m | AM7: =VLOOKUP(B7,$B$19:$AP$30,38) -> BDCC 2,50 x 2,50m | AN7: =VLOOKUP(B7,$B$19:$AP$30,39) -> - | AO7: =VLOOKUP(B7,$B$19:$AP$30,40) -> - | AP7: =VLOOKUP(B7,$B$19:$AP$30,41) -> Substituir obra existente
B8: BC05 | C8: =MID(VLOOKUP(B8,$B$19:$AP$30,2),1,3) -> B05 | D8: =VLOOKUP(B8,$B$19:$AP$30,3) -> 314 | E8: =VLOOKUP(B8,$B$19:$AP$30,4) -> + | F8: =VLOOKUP(B8,$B$19:$AP$30,5) -> 11.93 | G8: BUEIRO GREIDE | H8: =VLOOKUP(B8,$B$19:$AP$30,7) -> 6.0556073 | I8: =VLOOKUP(B8,$B$19:$AP$30,8) -> 4.7334515 | J8: =VLOOKUP(B8,$B$19:$AP$30,9) -> 509 | K8: =VLOOKUP(B8,$B$19:$AP$30,10) -> 3.8793747 | L8: =VLOOKUP(B8,$B$19:$AP$30,11) -> 1.1589528 | M8: =VLOOKUP(B8,$B$19:$AP$30,12) -> 0.34358 | N8: =VLOOKUP(B8,$B$19:$AP$30,13) -> RAC MOD | O8: =VLOOKUP(B8,$B$19:$AP$30,14) -> 1.2503824 | P8: =VLOOKUP(B8,$B$19:$AP$30,15) -> 1.3783183 | Q8: =VLOOKUP(B8,$B$19:$AP$30,16) -> 1.5450584 | R8: =VLOOKUP(B8,$B$19:$AP$30,17) -> 1.7073522 | S8: =VLOOKUP(B8,$B$19:$AP$30,18) -> 28.008453 | T8: =VLOOKUP(B8,$B$19:$AP$30,19) -> 30.874206 | U8: =VLOOKUP(B8,$B$19:$AP$30,20) -> 34.609169 | V8: =VLOOKUP(B8,$B$19:$AP$30,21) -> 38.244535 | W8: =VLOOKUP(B8,$B$19:$AP$30,22) -> 3.6 | Y8: =VLOOKUP(B8,$B$19:$AP$30,24) -> 6.4370257 | Z8: =VLOOKUP(B8,$B$19:$AP$30,25) -> 7.0827679 | AA8: =VLOOKUP(B8,$B$19:$AP$30,26) -> 0.896 | AB8: =VLOOKUP(B8,$B$19:$AP$30,27) -> 2.483 | AC8: - | AD8: - | AE8: - | AF8: - | AG8: - | AH8: - | AI8: - | AJ8: - | AK8: =VLOOKUP(B8,$B$19:$AP$30,36) -> Ponte existente 11,50x3,80m | AL8: =VLOOKUP(B8,$B$19:$AP$30,37) -> BSCC 3,00 x 3,00m | AM8: =VLOOKUP(B8,$B$19:$AP$30,38) -> BDCC 2,50 x 2,50m | AN8: =VLOOKUP(B8,$B$19:$AP$30,39) -> - | AO8: =VLOOKUP(B8,$B$19:$AP$30,40) -> - | AP8: =VLOOKUP(B8,$B$19:$AP$30,41) -> Substituir obra existente
